Price,index,Close,High,Low,Open,Volume,MA_10,MA_30,Daily_Return
Ticker,,RELIANCE.NS,RELIANCE.NS,RELIANCE.NS,RELIANCE.NS,RELIANCE.NS,,,
Date,,,,,,,,,
2020-01-01,0,675.32421875,683.1529137163456,673.490123328754,679.0819971118469,14004468,,,
2020-01-02,1,686.8212890625,689.3488518479688,676.3979593733322,676.3979593733322,17710316,,,0.017024519472707
2020-01-03,2,687.6488037109375,689.6618949086101,681.3187290426969,685.7922517653002,20984698,,,0.001204847114694152
2020-01-06,3,671.7006225585938,683.5107049345103,670.1348718060082,679.9766568901101,24519177,,,-0.02319233461365522
2020-01-07,4,682.0345458984375,686.4633346701793,677.0688889990518,679.5293205694625,16683622,,,0.015384716036856538
2020-01-08,5,676.9124145507812,686.4410035098094,675.5032624964547,677.7400241132464,16047902,,,-0.007510076107521635
2020-01-09,6,692.5025634765625,693.3972440896104,685.0094043047601,688.2974451452224,14982742,,,0.023031264592964007
2020-01-10,7,692.3460693359375,696.9537946408119,688.7672268918529,694.2472957890357,12478359,,,-0.00022598348205293828
2020-01-13,8,690.5789184570312,697.2892020163699,688.2079551828986,691.1828577141231,18282382,,,-0.002552409780561371
2020-01-14,9,684.181884765625,693.3973351908096,680.8043754201078,688.9238120878065,15816535,684.0051330566406,,-0.009263291305936838
2020-01-15,10,681.6990356445312,688.8790573291237,679.1938699492092,687.0672990416617,15817859,684.6426147460937,,-0.003628931394382473
2020-01-16,11,687.9843139648438,690.4224084594933,683.55552505049,684.0029251254354,12847975,684.7589172363281,,0.009220019380502542
2020-01-17,12,707.2652587890625,709.0322829800654,694.8288390890643,694.9630411899628,29463471,686.7205627441406,,0.02802526806621941
2020-01-20,13,685.5015258789062,719.7911481994419,682.839761284159,719.7911481994419,32545850,688.1006530761719,,-0.030771669666652124
2020-01-21,14,686.1950073242188,691.5408742450458,680.8714775601642,683.8240435553602,18922720,688.51669921875,,0.001011640994414087
2020-01-22,15,685.9487915039062,691.9433305465104,684.942245991995,690.7131148902863,10322817,689.4203369140625,,-0.0003588131911256287
2020-01-23,16,683.0411376953125,689.796156393504,680.2899048582964,687.3580618125278,11247739,688.4741943359375,,-0.004238878826827386
2020-01-24,17,680.6701049804688,687.2909208972738,679.3280242942884,683.1081395891008,14628445,687.3065979003907,,-0.0034712883075300738
2020-01-27,18,673.9598388671875,681.9674704241261,673.2664314282462,677.6952802850295,13387750,685.6446899414062,,-0.009858323531740543
2020-01-28,19,658.3919677734375,675.5032444510476,654.7460541997162,674.8769082130656,24532236,683.0656982421875,,-0.02309910798233461
2020-01-29,20,662.0154418945312,668.5243925324733,654.9472262974796,659.4207487202938,24746565,681.0973388671875,,0.005503521152221413
2020-01-30,21,645.8660278320312,661.9483606637074,644.1884717288344,661.6352224321117,22402689,676.8855102539062,,-0.024394316265923033
2020-01-31,22,631.5060424804688,650.115939458839,629.5153479649114,650.004074503463,34750310,669.3095886230469,,-0.022233690475661705
2020-02-03,23,619.8076171875,626.271893069165,609.7645594525795,612.8289298623996,30712290,662.7401977539063,,-0.018524645064390777
2020-02-04,24,638.1044921875,640.8333280510134,625.3101998110101,626.2943485822723,25383901,657.9311462402344,,0.029520248691078832
2020-02-05,25,647.9909057617188,649.9145288544571,639.849132797698,641.9068982608502,18472100,654.1353576660156,,0.015493408517352592
2020-02-06,26,652.1513671875,656.267018049872,644.2332634474068,650.496207815146,15538577,651.0463806152344,,0.006420555271359207
2020-02-07,27,641.3478393554688,649.7133433335028,638.9544787429636,649.1094039600182,12209212,647.1141540527344,,-0.016565982033623694
2020-02-10,28,642.2201538085938,646.6489428047836,630.9692153123326,638.8202476362594,15142476,643.940185546875,,0.001360126907111292
2020-02-11,29,649.8922119140625,655.9090886918525,646.4475719077193,647.4988515504008,13999816,643.0902099609375,670.0536804199219,0.011946149712011911
2020-02-12,30,657.7432861328125,659.7787743619559,650.8987994375913,651.4132707150139,13533565,642.6629943847656,669.4676493326823,0.012080579017291315
2020-02-13,31,659.465576171875,661.076061195236,654.2986456938107,661.076061195236,13565659,644.02294921875,668.5557922363281,0.00261848364760775
2020-02-14,32,665.482421875,671.6782343336056,650.0487037471439,660.8523004641426,21227841,647.4205871582031,667.8169128417969,0.009123820742929611
2020-02-17,33,661.2996826171875,673.7808361092095,659.5326584603905,666.1087404521531,13149130,651.5697937011719,667.47021484375,-0.006285273840934247
2020-02-18,34,656.4459228515625,660.248435272722,651.9723999060855,660.248435272722,11127161,653.4039367675781,666.6172607421875,-0.007339727952712094
2020-02-19,35,672.7295532226562,673.9150349477495,659.8905275306022,661.7917537765035,14084409,655.8778015136719,666.47783203125,0.02480574530855284
2020-02-20,36,664.744384765625,674.6085086758875,663.7825731086709,669.6876451612479,16892268,657.1371032714844,665.552559407552,-0.011869804765940462
2020-02-24,37,646.4027709960938,660.7404153655295,643.987073728272,657.4971087066476,21370214,657.6425964355469,664.0211161295573,-0.027591979999948557
2020-02-25,38,633.6309814453125,649.2883120922913,630.7678836964259,649.2883120922913,27745062,656.7836791992188,662.1228515625,-0.01975825309520285
2020-02-26,39,622.7155151367188,631.8191601622372,620.6353526146177,630.7678804610105,29362748,654.0660095214844,660.0739725748698,-0.0172268506879123
2020-02-27,40,620.1432495117188,623.5207586374837,612.4263599498594,620.9260652375485,25054993,650.306005859375,658.0221130371094,-0.004130723520571422
2020-02-28,41,594.3756713867188,607.0581581658521,592.7428492925397,606.1186837322065,39315769,643.7970153808594,654.9018249511719,-0.04155100961800129
2020-03-02,42,588.78369140625,612.4262510838603,582.0510115058373,606.2080423411206,29500495,636.1271423339844,650.9524393717448,-0.009408157583943977
2020-03-03,43,600.7280883789062,605.6713484615526,591.4007735026032,594.8454135797672,27398798,630.0699829101562,648.1266581217448,0.02028656219082481
2020-03-04,44,599.3189697265625,605.6266480626504,585.0931280116588,604.821435403794,22105261,624.3572875976563,645.230790201823,-0.0023456846443560275
2020-03-05,45,586.547119140625,607.4832471398267,584.2432264899035,604.9109502487335,30510390,615.7390441894531,641.9174011230468,-0.02131060625657255
2020-03-06,46,568.5857543945312,576.2579099445863,555.2099199542964,568.1384140570675,33734039,606.1231811523437,638.1022216796875,-0.030622202649992936
2020-03-09,47,498.4184875488281,555.1652260313806,489.8516805673975,554.7402228175777,88187018,591.3247528076172,632.0271677652995,-0.12340665643377224
2020-03-11,48,516.0441284179688,527.1832005807552,495.6671803789598,495.6671803789598,59578576,579.5660675048828,626.7633107503256,0.03536313621876608
2020-03-12,49,475.5363464355469,492.5357574215292,469.13920029845366,485.3781326945414,55970485,564.8481506347656,620.6681233723958,-0.07849674039816357
2020-03-13,50,494.4593505859375,509.982477758339,421.5855519763993,446.45836059532905,73297403,552.2797607421875,615.082920328776,0.03979297122550318
2020-03-16,51,454.3765563964844,483.00714524632815,449.58986531183916,474.4403385952524,38482258,538.2798492431641,608.6999379475911,-0.08106388147368382
2020-03-17,52,450.9319152832031,474.19426900063905,448.78462201274766,468.49050072051966,45445979,524.4946716308593,602.6808003743489,-0.00758102737649935
2020-03-18,53,433.2615051269531,463.41311163950786,429.9063628131876,458.6711544738802,44730415,507.7480133056641,596.4625966389974,-0.039186426059801716
2020-03-19,54,410.53594970703125,432.5904563115507,399.128442171934,411.60959642106957,61404010,488.8697113037109,588.8769785563151,-0.05245228378473854
2020-03-20,55,455.3830871582031,462.9657149231966,416.03836966442924,420.2882223245293,63360475,475.75330810546876,582.456717936198,0.10924046355301131
2020-03-23,56,395.4825439453125,424.98547763271785,391.7247653699988,409.86492511955976,40670949,458.4429870605469,573.9010904947917,-0.13153879645969546
2020-03-24,57,422.032958984375,433.93254185914833,400.7389591466198,416.03841857668414,45734887,450.80443420410154,566.5905944824219,0.06713422740280017
2020-03-25,58,484.14788818359375,515.1494403179707,430.91289363718744,431.15893082862937,73130298,447.61481018066405,561.3215189615886,0.1471802803001423
2020-03-26,59,476.9678649902344,499.6486775382283,466.2984990986507,490.20952746231364,45744488,447.7579620361328,555.5573740641277,-0.014830227227257131
2020-03-27,60,476.6994323730469,495.3540612398386,468.02079126607595,489.8516259919914,41657940,445.9819702148437,549.5225789388021,-0.0005627897325808373
2020-03-30,61,460.9749755859375,480.81508630927294,456.30014975804846,465.51562917935905,30229866,446.6418121337891,542.9062255859375,-0.03298610344222941
2020-03-31,62,498.23956298828125,505.4195552653473,468.8260968406911,480.4349081941597,44292810,451.37257690429686,537.3314636230468,0.08083863414706483
2020-04-01,63,483.3426513671875,503.093264271414,467.5734569491014,502.0419846435416,41597459,456.3806915283203,531.3995625813802,-0.029899094186232156
2020-04-03,64,482.0006103515625,507.49975757793965,472.53909292167856,507.49975757793965,41367807,463.52715759277345,525.5847188313802,-0.0027765830551657045
2020-04-07,65,539.5525512695312,543.0865994063779,492.0883712024452,493.0278157060707,54373624,471.94410400390626,521.1454854329427,0.11940221585194966
2020-04-08,66,533.31201171875,549.7970116946221,518.9296308909336,527.8766770166352,49880330,485.72705078125,516.7644063313802,-0.011566138527373648
2020-04-09,67,545.7484741210938,551.4969475185908,533.6923219689452,543.0867091790553,33032857,498.0986022949219,513.4092631022136,0.023319299263978133
2020-04-13,68,531.969970703125,543.534047096568,527.8766572382242,538.590786977077,23673784,502.880810546875,510.02056274414065,-0.02524698477656484
2020-04-15,69,514.388916015625,552.9283884903713,511.32454531609477,535.50397581859,35321842,506.62291564941404,506.40967610677086,-0.03304896076044006
2020-04-16,70,522.5308837890625,531.2095269171233,512.2194182504446,514.3890491699482,37455706,511.2060607910156,503.1559305826823,0.015828427712836213
2020-04-17,71,547.5601196289062,550.2442808995188,533.535612903734,543.9813374764348,33269335,519.8645751953125,501.5954121907552,0.047900012451604024
2020-04-20,72,556.4177856445312,562.3227974116861,537.7184224485133,548.4548889228998,36030932,525.6823974609375,500.5165486653646,0.016176609102993122
2020-04-21,73,553.5324096679688,560.0860954670951,520.719067459836,541.2972622124873,61371628,532.7013732910157,498.943359375,-0.005185628588813329
2020-04-22,74,610.0106811523438,619.5393292310587,581.5590584712065,590.5061043699907,142683366,545.5023803710938,499.29974975585935,0.10203245645228431
2020-04-23,75,613.2764282226562,619.964375961398,605.4029986108286,611.6883400063555,65464502,552.8747680664062,500.1907267252604,0.005353589980003903
2020-04-24,76,633.8993530273438,668.7705176942633,602.6741016877038,603.9937855419026,134986308,562.9335021972656,502.3678466796875,0.03362745387826993
2020-04-27,77,639.6031494140625,659.8458688421625,636.5835122845931,641.5043758770541,58482901,572.3189697265625,507.0740020751953,0.008997952686777166
2020-04-28,78,638.8873901367188,651.1000807620374,622.7826591494636,648.6620459031445,78453401,583.0107116699219,511.1687774658203,-0.0011190677813257555
2020-04-29,79,638.3504638671875,650.294808910519,635.2413590168171,646.3804914740855,37494672,595.4068664550781,516.5959147135417,-0.0008404083064096346
2020-04-30,80,655.8197021484375,668.7705945819996,643.3162098274911,650.4291011653437,71345899,608.7357482910156,521.9745930989583,0.027366218511724272
2020-05-04,81,642.0411987304688,655.3722993617022,634.100638844068,644.1884921115068,53456868,618.1838562011719,528.2300811767578,-0.021009590551840596
2020-05-05,82,653.42626953125,661.6352335022636,647.409392668105,650.3172243173109,44903763,627.8847045898438,534.979892985026,0.01773261719542818
2020-05-06,83,653.4710083007812,664.2969422025669,646.6488596777011,654.9248941405343,40489094,637.878564453125,542.320209757487,6.846796894666163e-05
2020-05-07,84,674.1387329101562,677.1360326646604,646.4252520396666,650.8987749292127,50026966,644.2913696289063,551.1069691975912,0.0316276075707127
2020-05-08,85,698.6760864257812,706.7731256998821,687.6264217526766,691.1605298647231,84262770,652.8313354492187,559.2167358398438,0.0363980770096104
2020-05-11,86,705.3864135742188,722.4752932861393,703.3733222103791,706.8179027396051,67085063,659.9800415039062,569.546864827474,0.009604346389992413
2020-05-12,87,661.7470703125,701.6062908611085,655.372320874391,700.0181429966896,100683202,662.19443359375,577.5373352050781,-0.06186586872377742
2020-05-13,88,675.7871704101562,689.5833490177412,656.6169951579172,689.5833490177412,66430125,665.8844116210937,583.9253112792969,0.021216716669445912
2020-05-14,89,648.4657592773438,675.9000855316069,645.8013667337839,663.3909205122524,49266771,666.8959411621094,589.6419077555339,-0.04042901719520697
2020-05-15,90,659.0556640625,662.3523056062347,639.0500542508714,652.101104371265,62152260,667.2195373535156,595.720448811849,0.01633070772612233
2020-05-18,91,650.6334228515625,669.2616544401022,644.875632962838,663.842565100716,62796089,668.078759765625,602.0423970540364,-0.012779256245249115
2020-05-19,92,636.2501831054688,660.0943806330317,633.6987303989603,657.9718729953,42315854,666.3611511230469,606.6427510579427,-0.022106518418705923
2020-05-20,93,647.44970703125,653.3881649537279,629.0698124523583,636.7469251931129,55320985,665.7590209960938,612.1129862467448,0.017602390102455567
2020-05-21,94,650.8592529296875,659.981412669229,643.5208404585119,648.0367682176926,39167981,663.4310729980468,617.7416076660156,0.005266116983929647
2020-05-22,95,646.478759765625,658.4234038155449,644.1982199074185,655.6235549779989,37828973,658.2113403320312,621.3058146158854,-0.006730323252446269
2020-05-26,96,643.091796875,654.6751640177939,639.5919112653286,653.9751868958597,33216635,651.9818786621094,624.9651407877604,-0.005239093844093046
2020-05-27,97,652.8012084960938,656.6171597702648,637.6502239709507,646.2305001855196,35667956,651.0872924804687,628.5335652669271,0.01509801814962497
2020-05-28,98,664.8585205078125,668.2454658354499,654.3589840196363,657.0685283367451,40126278,649.9944274902343,632.96318359375,0.01847011288397593
2020-05-29,99,661.3135986328125,664.7456963541632,656.007389810822,662.9393134152917,40022527,651.2792114257812,637.860673014323,-0.005331843942215642
2020-06-01,100,686.5802612304688,694.7089545568629,666.5295002853659,668.358459270055,39943702,654.0316711425781,643.3289855957031,0.038206779128528545
2020-06-02,101,693.5121459960938,695.4540448662401,686.7834072832798,689.1317348245016,22153960,658.3195434570313,648.1940531412761,0.010096248256834306
2020-06-03,102,696.19921875,704.4859445214847,692.4509368094127,697.712053268636,25381289,664.3144470214844,652.8534342447916,0.0038745864357527804
2020-06-04,103,713.427490234375,717.8079613810611,695.905665372641,697.2604077785676,34202350,670.9122253417969,658.1832702636718,0.024746180432818843
2020-06-05,104,714.2855224609375,730.6783659768879,710.6727564801458,720.291708575871,33076685,677.2548522949219,661.6590983072916,0.0012026901658648281
2020-06-08,105,708.7760009765625,730.8589637156836,706.7438576363093,730.8589637156836,31414953,683.4845764160157,664.8424173990885,-0.0077133321495764795
2020-06-09,106,694.1670532226562,714.8726404733965,692.29294201313,704.6214390965813,25857161,688.5921020507812,666.8513407389323,-0.020611515815684767
2020-06-10,107,709.9728393554688,713.3146329578219,695.4766830422209,696.8540015463917,22132647,694.3092651367188,669.1969970703125,0.022769427127713016
2020-06-11,108,694.41552734375,708.0761923913428,691.3898578032909,707.1956066885294,20385805,697.2649658203125,671.0479349772136,-0.021912545310665776
2020-06-12,109,717.4918823242188,719.3885695925972,676.0355556331963,677.3903578499011,38548899,702.8827941894531,673.6859822591146,0.03323133494543162
2020-06-15,110,729.1204223632812,734.7201801016447,704.9827364804711,706.7439674657269,53107403,707.1368103027344,676.1293395996094,0.016207207810342572
2020-06-16,111,730.54296875,744.4746053701579,715.9112952066059,741.9683047604242,51187003,710.839892578125,679.0793986002604,0.0019510444956511996
2020-06-17,112,729.481689453125,738.5586972066078,723.4980791176175,726.2753520321108,41782053,714.1681396484375,681.614579264323,-0.0014527267283003242
2020-06-18,113,747.793701171875,751.9031997400788,725.0785489207035,725.7107978465832,40471557,717.6047607421875,684.7586690266927,0.025102770889942505
2020-06-19,114,794.5337524414062,807.8105634275437,750.5485488531187,754.1612552518901,105804173,725.6295837402344,688.7718363444011,0.06250393818012157
2020-06-22,115,788.5501098632812,814.7650899304879,783.5148135515716,800.8560305108304,60198705,733.6069946289062,691.767637125651,-0.0075310111870499075
2020-06-23,116,777.1473999023438,796.4981855618333,774.9797401799827,790.2887548472605,37962078,741.905029296875,694.1596700032552,-0.014460349213462842
2020-06-24,117,780.2860107421875,800.5400194053335,772.9928093188526,783.9213532874984,51586221,748.9363464355469,698.1109680175781,0.004038630046549807
2020-06-25,118,775.7926025390625,789.8371789860777,773.6023667469223,779.9021017250843,39679374,757.0740539550782,701.444482421875,-0.005758668156630176
2020-06-26,119,786.5179443359375,791.191964274281,775.3861571652835,780.7150021666101,30921913,763.97666015625,706.0462219238282,0.01382501168710859
2020-06-29,120,778.1635131835938,785.6599583746296,774.7314151012546,780.3763250508288,25621946,768.8809692382813,710.0164835611979,-0.010622047739034635
2020-06-30,121,769.560546875,786.2243018289918,765.6993848508981,784.4179786955026,30276420,772.7827270507812,713.9807210286458,-0.011055473769770563
2020-07-01,122,784.68896484375,789.8371415415186,771.3443662186169,776.7409392467646,28464103,778.3034545898438,718.9286804199219,0.019658515538748533
2020-07-02,123,798.19775390625,801.4851428535685,786.7259244633,790.3307243392775,28789533,783.3438598632813,723.9536153157552,0.017215469654514592
2020-07-03,124,810.6897583007812,813.0023064997346,801.6664846343106,807.0169546549783,29434266,784.9594604492188,729.281298828125,0.01565026252378865
2020-07-06,125,839.6640014648438,842.4752438841282,812.5941218966552,818.4434059167284,47016185,790.070849609375,735.7208068847656,0.03574023585149644
2020-07-07,126,826.8092651367188,845.3546275122593,819.032966945957,843.3822180562978,35189589,795.0370361328125,741.8447224934896,-0.01530938125928838
2020-07-08,127,815.2694091796875,832.0236438535034,811.6419416064408,827.0812567649883,26204095,798.5353759765625,747.2603291829427,-0.013957095600668046
2020-07-09,128,827.1719360351562,832.0463193953086,809.9415548565688,820.257139626406,36418942,803.6733093261719,752.6707763671875,0.014599501369056522
2020-07-10,129,851.566650390625,854.5366284923592,827.1720037016764,829.0991372532924,43759967,810.1781799316407,759.0125447591146,0.02949170939284862
2020-07-13,130,877.3895263671875,883.1480789947044,861.519399808991,863.0383906975433,69608392,820.10078125,765.3728535970052,0.03032396344398558
2020-07-14,131,869.2277221679688,880.4274760561808,855.7608159923657,876.9360759259316,67331128,830.0674987792969,771.230039469401,-0.009302372496982625
2020-07-15,132,836.127197265625,897.2497559791088,815.2694086530637,878.7270634112394,139669773,835.2113220214844,775.8943054199219,-0.03808038337731179
2020-07-16,133,835.855224609375,847.463061457531,821.8214999600007,837.4875551151266,60961724,838.9770690917969,779.9752298990885,-0.0003252766530492668
2020-07-17,134,866.8245239257812,870.5879989548259,833.4066071401047,836.5806561826539,49726765,844.5905456542969,785.05986328125,0.03705103276811994
2020-07-20,135,870.5426635742188,876.0292010321696,861.3607145700907,869.5904907729887,36592938,847.6784118652344,790.4520853678385,0.004289379852335351
2020-07-21,136,893.9623413085938,896.4335647635958,878.0696081666921,879.2031842537095,42173371,854.3937194824218,797.1119283040365,0.026902389411014083
2020-07-22,137,908.67626953125,911.3968402873401,889.0426683207968,899.1541819328522,59771457,863.7344055175781,803.7353759765625,0.016459226012941253
2020-07-23,138,933.0708618164062,943.0009721388485,902.9403320698102,908.6535486923683,58333751,874.3242980957032,811.6905537923177,0.026846296203751896
2020-07-24,139,973.1315307617188,980.771821076851,933.0708895039387,933.1615612066566,120597372,886.4807861328125,820.2118754069011,0.042934219237461324
2020-07-27,140,977.6885375976562,997.0047292904097,964.8564523008031,987.9361194684092,80304827,896.5106872558594,828.4974792480468,0.004682827235461762
2020-07-28,141,987.437255859375,994.8281988813131,975.1719293046234,977.688488793748,55114422,908.331640625,837.0606221516927,0.009971190094621551
2020-07-29,142,950.6866455078125,989.7497164572247,938.806733983119,987.5279599955765,72663399,919.7875854492188,844.4341206868489,-0.037218172732988664
2020-07-30,143,956.2185668945312,970.2068959629854,939.5096069794463,951.7522658851112,72857444,931.8239196777344,851.3816162109375,0.0058188693539118486
2020-07-31,144,937.2877197265625,965.3551074174673,930.8036739652497,958.7803899595893,74958061,938.8702392578125,856.1400817871094,-0.01979761513045042
2020-08-03,145,910.9434204101562,932.7081063612384,908.2681255398212,930.1235431581412,46715383,942.9103149414062,860.2198588053385,-0.028106950258658836
2020-08-04,146,975.1492919921875,982.5855710982528,906.9759241686489,916.2032692730761,92041055,951.0290100097657,866.819921875,0.07048283147280676
2020-08-05,147,964.1989135742188,995.7350350128565,960.5034420662862,983.4924363615606,74549993,956.5812744140625,872.950351969401,-0.011229437900321493
2020-08-06,148,967.6676635742188,982.9029683593162,955.7424156591269,978.0512526670176,49322975,960.0409545898438,879.3461873372396,0.003597546057318768
2020-08-07,149,973.2674560546875,978.4139143017511,961.3649370691895,965.7178380803712,32984416,960.0545471191406,885.5711710611979,0.005786896360456151
2020-08-10,150,961.2062377929688,981.6786719644749,955.8784359553779,979.0034370833714,26958997,958.4063171386719,891.6725952148438,-0.012392501348612917
2020-08-11,151,967.5316162109375,979.4115277857607,952.3643158271037,967.9850346750636,46828306,956.4157531738281,898.271630859375,0.006580667258768935
2020-08-12,152,964.7203369140625,972.6100942320181,955.2889807683499,961.727691023823,30264617,957.8191223144531,904.2726765950521,-0.0029056200849379987
2020-08-13,153,962.2037963867188,969.8440862641454,956.7399270901238,964.901699164418,24830322,958.4176452636718,909.7395446777343,-0.0026085699980096244
2020-08-14,154,958.4630126953125,978.0512181796919,947.331262509623,962.4304992398274,33224635,960.5351745605469,914.6653198242187,-0.0038877249346278564
2020-08-17,155,948.2835693359375,954.4728728160779,938.6481413156387,954.4728728160779,30979066,964.269189453125,918.2859720865886,-0.010620590700468613
2020-08-18,156,960.6168212890625,967.7583570068861,944.2026051100721,945.4041850307872,30547672,962.8159423828125,922.7462239583333,0.013005869079606436
2020-08-19,157,966.5114135742188,976.6909912734272,961.8864371354927,970.7963711289713,34087543,963.0471923828125,927.7876241048177,0.006136257615441565
2020-08-20,158,950.8680419921875,963.0426971858464,946.7644877423543,961.2742991196269,22537845,961.3672302246093,931.9108276367188,-0.016185397670764323
2020-08-21,159,943.975830078125,962.1811114690666,941.7766816436981,960.3673777103614,25280895,958.4380676269532,934.991133626302,-0.007248336898169838
2020-08-24,160,950.278564453125,954.2460509640609,938.8294034471639,948.3061551600297,32717218,957.3453002929688,937.4207682291667,0.006676796348142
2020-08-25,161,944.0892333984375,957.3294607463159,942.2301636663344,954.9262408658594,19388008,955.0010620117188,939.9161519368489,-0.006513175490020062
2020-08-26,162,969.11865234375,973.9477001185352,928.1738418761494,945.404223995661,59870421,955.4408935546875,944.3492004394532,0.026511708914648047
2020-08-27,163,957.0120239257812,974.8772272109728,953.6792992534803,973.9703303109421,28085062,954.9217163085938,948.3877604166667,-0.012492410902101292
2020-08-28,164,959.5285034179688,967.1234569866326,955.0395350457942,961.2741733617809,27166900,955.0282653808594,951.4778930664063,0.0026295171108348114
2020-08-31,165,943.4544677734375,985.7595929976718,934.2271229260566,985.7595929976718,62076132,954.5453552246094,953.9082865397136,-0.01675201475232202
2020-09-01,166,946.4243774414062,962.362446519786,935.1565603111148,952.205597527122,38616258,953.1261108398437,955.6570210774739,0.0031479099091848983
2020-09-02,167,964.992431640625,969.4360647157956,945.4042254030269,948.5782147606872,26949439,952.9742126464844,957.5342264811198,0.019619163075042634
2020-09-03,168,957.6922607421875,969.7761846883416,953.5660384214475,964.9018008480825,18586429,953.6566345214844,958.3549397786459,-0.007565003267462123
2020-09-04,169,941.8900146484375,950.8226158672919,939.6001945341707,944.746652794342,28475945,953.4480529785156,957.3135559082032,-0.01650033809556284
2020-09-07,170,944.338623046875,954.8128835439741,926.9268380792043,944.950776960414,21926473,952.8540588378906,956.2018920898438,0.0025996755038872887
2020-09-08,171,955.4249877929688,961.7276301292338,943.3636733262639,948.5781353786673,27397082,953.9876342773438,955.1348164876302,0.011739819250772499
2020-09-09,172,980.0236206054688,982.948262646231,943.7944599093832,945.4041824088742,55310877,955.0781311035156,956.112715657552,0.02574627325722645
2020-09-10,173,1049.239990234375,1063.2737150092375,986.3716977544623,989.8858259136236,140304404,964.300927734375,959.2134297688802,0.07062724629651651
2020-09-11,174,1051.8470458984375,1060.0541533856804,1037.0426132778334,1048.333038061574,59470807,973.5327819824219,963.0320739746094,0.0024847086351331704
2020-09-14,175,1044.0482177734375,1070.0978626809967,1034.7301409572988,1054.2277957192978,44063445,983.5921569824219,967.4689005533854,-0.007414412727982378
2020-09-15,176,1051.4390869140625,1054.5677402462597,1037.5187024549093,1048.3104335818653,27178393,994.0936279296875,970.011893717448,0.007079049621278033
2020-09-16,177,1054.0234375,1074.3371332294498,1047.6754600565869,1051.9602968564543,33952295,1002.996728515625,973.006044514974,0.0024579175513841367
2020-09-17,178,1042.3251953125,1058.17259404091,1039.1964218842008,1051.9605029718427,25828669,1011.4600219726562,975.49462890625,-0.011098654708520228
2020-09-18,179,1045.4764404296875,1051.7110790333331,1032.2588818564082,1049.3532551234189,33074915,1021.8186645507812,977.9015950520833,0.0030232840301271935
2020-09-21,180,1022.8729858398438,1059.2154272970997,1019.0187188937507,1042.8918823662696,33627381,1029.672100830078,979.9571533203125,-0.02162024290146014
2020-09-22,181,1002.6045532226562,1032.4629482711289,998.2515919553894,1032.4629482711289,34792254,1034.3900573730468,981.1262512207031,-0.019815199832016073
2020-09-23,182,1011.5144653320312,1032.349647647501,999.9520239691242,1024.7546930361625,42988708,1037.5391418457032,982.6860555013021,0.008886766054209572
2020-09-24,183,989.0242309570312,1009.337868735385,986.6890150583746,1001.130821092991,29826318,1031.5175659179688,983.5800699869792,-0.022234219228508545
2020-09-25,184,998.319580078125,1003.3526989604931,982.7215890510984,992.561027630643,28374935,1026.1648193359374,984.908622233073,0.009398504940671737
2020-09-28,185,1004.9170532226562,1014.7792199657465,1000.7454952765087,1009.7914367963479,19666849,1022.2517028808594,986.7964050292969,0.006608578331214199
2020-09-29,186,1017.9757690429688,1026.5682312030854,1004.9169464432822,1008.8844926380805,25842539,1018.90537109375,988.7083699544271,0.012994819600717022
2020-09-30,187,1013.1242065429688,1027.928640481229,1008.8845849148897,1024.7546512095244,24465159,1014.8154479980469,990.262129720052,-0.0047658919274288225
2020-10-01,188,1008.9979248046875,1026.4776536649397,1003.8968020817645,1026.4776536649397,20783227,1011.4827209472656,992.1997924804688,-0.004072829088114571
2020-10-05,189,1003.0806274414062,1019.8348626021702,1000.2693849664739,1017.4997065200467,18922799,1007.2431396484375,994.1699523925781,-0.005864528774354727
2020-10-06,190,1002.2417602539062,1012.9200316663944,998.2968817912705,1008.9978810960307,18412175,1005.1800170898438,995.9020589192709,-0.0008362908868450036
2020-10-07,191,1023.6211547851562,1046.9728362062017,1006.6174520301325,1013.4189091449191,53170865,1007.2816772460938,998.5531229654948,0.021331574255929908
2020-10-08,192,1015.3460083007812,1028.3822254886384,1007.569709792054,1024.301278914029,21077808,1007.6648315429687,1000.0940348307291,-0.008084188613815657
2020-10-09,193,1012.716064453125,1021.5806624419674,1005.3024535496829,1013.4188900706193,18545499,1010.0340148925782,1001.9508361816406,-0.002590194698315229
2020-10-12,194,1014.348388671875,1022.8275119437076,1009.4513972409951,1013.4188838080661,14226473,1011.6368957519531,1003.7781656901042,0.0016118281086332509
2020-10-13,195,1034.1407470703125,1036.4305673579886,1009.2699549272937,1011.423767661742,23112012,1014.5592651367188,1006.8010416666667,0.01951238708463121
2020-10-14,196,1037.2239990234375,1044.7056133384592,1028.608748631058,1033.3245163972065,26742011,1016.4840881347657,1009.827695719401,0.0029814625928430427
2020-10-15,197,1000.4960327148438,1038.3575230267356,995.2815705789496,1038.3575230267356,20036197,1015.2212707519532,1011.0111490885416,-0.03540986936589752
2020-10-16,198,986.57568359375,1012.2851869024872,985.1473645281419,1004.3502142447803,21583600,1012.9790466308593,1011.9739298502604,-0.013913447595909956
2020-10-19,199,986.7570190429688,1010.5621766967382,977.2123240387696,993.0370533155368,31200385,1011.3466857910156,1013.4694966634114,0.0001838028771985467
2020-10-20,200,977.552490234375,994.3747895538761,975.8974318290545,988.0267509433463,18482288,1008.8777587890625,1014.5766255696615,-0.009328060131278293
2020-10-21,201,963.360107421875,993.9213889927784,951.1854522370077,983.0390454596967,34082321,1002.8516540527344,1014.8411295572917,-0.014518282091529722
2020-10-22,202,955.3568725585938,966.942040062599,948.1246658276176,964.6295521399456,30802210,996.8527404785157,1014.0189046223958,-0.00830762536420504
2020-10-23,203,958.1229858398438,968.075764596618,950.573367065108,954.9262685377893,23422125,991.3934326171875,1010.9816711425781,0.0028953717304005533
2020-10-26,204,920.0572509765625,953.0896904842623,915.250871932962,953.0896904842623,37324416,981.9643188476563,1006.5886779785156,-0.03972948715964131
2020-10-27,205,922.5059204101562,934.0003573150689,909.129685940206,922.6872638083931,36478896,970.8008361816406,1002.5372680664062,0.002661431591343577
2020-10-28,206,912.0542602539062,933.0254473288481,910.2178586428503,925.8158484232022,29924017,958.2838623046875,997.8911071777344,-0.011329640195266277
2020-10-29,207,919.059814453125,925.9066672658702,902.7816655110513,905.5022363151312,30655304,950.1402404785156,993.3923197428386,0.00768107173499577
2020-10-30,208,931.5745239257812,936.3809035347286,916.7473024873174,922.0524364064571,34021563,944.6401245117188,989.7006306966146,0.013616860704657174
2020-11-02,209,851.2945556640625,919.1051761545775,842.9967754989971,919.1051761545775,99366895,931.0938781738281,983.2279012044271,-0.08617664631210409
2020-11-03,210,839.0291748046875,865.600239943717,832.0917105106013,856.9850494031045,88691623,917.2415466308594,977.0997741699218,-0.01440791648174844
2020-11-04,211,867.504638671875,874.6689020903103,832.953205081128,832.953205081128,80180117,907.6559997558594,972.5964436848958,0.03393858607338185
2020-11-05,212,886.4581298828125,889.1560327894556,876.0292050636682,886.4354619573483,37205373,900.7661254882812,968.4278991699218,0.021848288027548568
2020-11-06,213,920.0800170898438,924.9997362683603,896.955016187128,902.3282137896616,66674086,896.9618286132812,966.1297587076823,0.037928342099446954
2020-11-09,214,929.8514404296875,938.1492199552745,923.1859913130511,935.0205666821017,35838510,897.9412475585938,963.8474873860677,0.010620188633973626
2020-11-10,215,945.2000732421875,947.671296720315,925.5438649087239,941.7766770254419,36934242,900.2106628417969,961.8569213867188,0.016506543029505272
2020-11-11,216,905.5928344726562,949.9384288213167,896.9323084725518,947.217858238175,56724780,899.5645202636719,958.1108235677083,-0.041903550254362654
2020-11-12,217,897.7938232421875,910.6939707303043,890.9923666961812,898.2473016530297,40046527,897.4379211425781,954.2664774576823,-0.008612050508339353
2020-11-13,218,905.2301635742188,923.4807818666762,898.5874420075651,898.7007816340105,45388670,894.8034851074219,950.8075520833333,0.008282904314463435
2020-11-14,219,907.9054565429688,913.8000769836483,904.7541349819926,913.6187335697492,5226220,900.4645751953125,947.6350463867187,0.002955373203856526
2020-11-17,220,903.8018188476562,945.4041769988106,900.0610116001939,945.4041769988106,46542562,906.9418395996094,944.3537150065105,-0.004519895398512053
2020-11-18,221,901.05859375,909.8098520291383,888.7705994600573,903.8018324500739,30402290,910.2972351074219,940.2682963053386,-0.003035206436244886
2020-11-19,222,894.6878662109375,911.6008364153229,892.4433818817643,901.0585724391551,27796343,911.1202087402344,936.2463582356771,-0.00707026999492788
2020-11-20,223,861.292724609375,899.5169641211087,859.2522514859126,895.5267495451352,57471248,905.2414794921875,931.1989135742188,-0.03732602493313464
2020-11-23,224,884.5083618164062,893.2595600473776,873.4219475565428,884.644369365096,45327567,900.7071716308594,926.8709126790365,0.02695440997433285
2020-11-24,225,890.5617065429688,895.0733434410346,876.0292271989675,890.5390386169317,30936268,895.2433349609375,922.0849446614583,0.00684373940132299
2020-11-25,226,883.193359375,903.6657931642695,880.654192057057,897.7938413094128,32637879,893.0033874511719,916.9505900065104,-0.008273819897973822
2020-11-26,227,885.3698120117188,890.9923565552566,875.1449593853476,885.5738832910803,25838637,891.760986328125,913.1130493164062,0.00246429914085744
2020-11-27,228,875.0316162109375,886.956863707273,871.2228051404243,879.8833317328676,47336811,888.7411315917968,909.3949137369792,-0.011676697873051478
2020-12-01,229,886.4127197265625,891.5591779283297,875.1449626736697,879.8152745444881,19750687,886.5918579101562,906.0501037597656,0.013006505484804531
2020-12-02,230,887.8864135742188,889.6321436054803,877.3894853981996,888.0450890461269,22188887,885.0003173828125,903.0612345377605,0.0016625368915179628
2020-12-03,231,890.5617065429688,898.2927286508155,888.1131507545629,894.1665064634373,27785372,883.9506286621094,900.6346211751302,0.0030131027210795747
2020-12-04,232,882.7173461914062,892.806192431299,879.6566964271353,892.806192431299,18464552,882.7535766601562,898.2133036295573,-0.008808328826548362
2020-12-07,233,887.9090576171875,890.9923750186222,879.9286890581647,879.9286890581647,18242188,885.4152099609375,895.8728393554687,0.005881510597000927
2020-12-08,234,904.028564453125,913.3239128258733,884.1909519390108,889.2467387240156,43403061,887.3672302246093,895.3385498046875,0.018154457033241922
2020-12-09,235,919.08251953125,922.1885651259229,906.5225094998519,911.3742252800819,29175254,890.2193115234375,895.2244364420573,0.01665207900508281
2020-12-10,236,910.03662109375,919.7853889706613,907.3160500501625,916.6567352689389,16065507,892.9036376953125,895.1571818033855,-0.00984231366092525
2020-12-11,237,909.4924926757812,924.0929759507371,895.1866924423914,912.7571538037538,26944202,895.3159057617188,894.8382710774739,-0.0005979192544084411
2020-12-14,238,902.9176025390625,913.6639373326992,900.6731183081919,910.467220412345,17312747,898.1045043945312,893.8830403645833,-0.0072291857158436335
2020-12-15,239,895.2320556640625,902.1921882018914,889.2240359631435,902.1921882018914,18551265,898.9864379882813,895.3476236979167,-0.008511902806399796
2020-12-16,240,896.2294921875,904.5726673464999,891.3097731763147,901.421286250231,18561011,899.8207458496094,897.2543009440104,0.0011141653352633174
2020-12-17,241,900.3330688476562,909.1296626703094,896.5015899774218,899.8343145472157,20252358,900.7978820800781,898.3485819498698,0.0045787119213631655
2020-12-18,242,903.031005859375,909.0843613071538,890.9924186751066,897.8392714360722,18466344,902.829248046875,898.9010111490885,0.002996598820003138
2020-12-21,243,879.5205688476562,916.8379694209409,841.2283275836958,911.3968279822237,44135540,901.9903991699218,897.5490295410157,-0.026035027434462066
2020-12-22,244,878.160400390625,888.2265790134423,856.2823129435187,883.7376098965668,28140001,899.4035827636719,895.8259948730469,-0.0015464885134105488
2020-12-23,245,881.40234375,884.8484079017386,870.8826879671385,875.1223093610237,19501410,895.6355651855469,893.699403889974,0.0036917439660599793
2020-12-24,246,904.2100219726562,906.3184389463692,882.3319351071959,882.8306894509022,20776988,895.0529052734375,893.653310139974,0.025876579957365475
2020-12-28,247,908.35888671875,915.0243362502358,904.7314189530317,909.900545527166,17221499,894.9395446777344,894.0054789225261,0.0045883861550688465
2020-12-29,248,902.3509521484375,912.439798429375,898.9501635431251,910.9434754302608,18611939,894.8828796386719,893.9095052083334,-0.006614053826252353
2020-12-30,249,904.8221435546875,910.1272779921743,895.7762015051192,904.7088039204003,22043630,895.8418884277344,893.806728108724,0.0027386145051060407
2020-12-31,250,900.1970825195312,912.2583374556028,897.1591008607796,903.9152218564029,18781189,896.2386474609375,893.6865702311198,-0.005111569238332558
2021-01-01,251,901.1947021484375,905.5022677403856,898.7008105101149,901.4213814086115,10015175,896.3248107910156,893.6911071777344,0.0011082235749020342
2021-01-04,252,902.713623046875,906.3636985650919,892.3527025549105,904.6406964491767,24513534,896.2930725097656,893.9586324055989,0.0016854525385208152
2021-01-05,253,891.4912719726562,899.4263054198029,886.9115713255545,892.8061915878011,24123091,897.4901428222656,894.9652506510416,-0.012431795408537893
2021-01-06,254,867.9808349609375,891.4458559107388,863.8546128646693,891.4005200596658,46401468,896.4721862792969,894.4143330891927,-0.026372032739811146
2021-01-07,255,866.5751953125,881.9238397966232,863.8546244352824,870.814757093236,32325918,894.9894714355469,893.6147827148437,-0.0016194362730379552
2021-01-08,256,876.800048828125,878.9311936650147,867.0059456976594,869.6811807226603,27540187,892.2484741210938,893.4016723632812,0.011799153230941162
2021-01-11,257,860.2724609375,879.1125050229124,858.1186482532938,879.1125050229124,33307825,887.4398315429687,892.5650939941406,-0.018849893898517323
2021-01-12,258,887.3876953125,888.7252828199374,861.4740587259083,862.87970997784,41161546,885.943505859375,892.976963297526,0.03151935649021076
2021-01-13,259,879.1124877929688,895.5040358477936,869.8852032617441,890.3349094942321,26619458,883.3725402832031,892.7336222330729,-0.009325357522133593
2021-01-14,260,888.997314453125,891.8539526683576,879.225879879633,881.9237826562116,21553242,882.2525634765625,892.7706522623698,0.011244097652363338
2021-01-15,261,878.5003662109375,894.9825854452455,870.6106693815333,888.9972940596249,20593268,879.9831298828125,892.3686075846355,-0.011807626492825518
2021-01-18,262,899.5849609375,905.5022489944743,872.1070575050039,883.7828981720585,35100458,879.670263671875,892.9308614095052,0.024000666974679286
2021-01-19,263,914.298828125,920.9188817318542,904.4366615381475,904.4366615381475,32006615,881.9510192871094,893.8105204264323,0.016356284093684614
2021-01-20,264,931.6652221679688,933.1615451092317,907.4973158868203,916.5659852036083,30924537,888.3194580078125,894.7317423502604,0.018994221045413484
2021-01-21,265,951.93359375,961.2742782497206,940.8699070414725,944.0438963533106,39087742,896.8552978515625,895.8267781575521,0.021754994283104345
2021-01-22,266,929.3527221679688,959.165840987856,922.8006124178714,957.1933717044934,30532660,902.1105651855469,896.4706481933594,-0.023721057571964965
2021-01-25,267,880.110107421875,922.7099765082173,876.0292211149126,922.7099765082173,54207104,904.0943298339844,895.4912353515625,-0.052985926195193045
2021-01-27,268,859.2522583007812,872.8552326609131,856.0782689298538,872.8552326609131,42370131,901.2807861328125,894.0357238769532,-0.023699135989010633
2021-01-28,269,850.8865356445312,872.0844660705677,847.9165573927713,852.5188662993975,34067814,898.4581909179688,892.557539876302,-0.009736049658797152
2021-01-29,270,835.1976928710938,867.4593064405973,829.7791594362084,858.9347876285253,43712383,893.0782287597656,890.5231465657552,-0.018438231322526977
2021-02-01,271,859.3883666992188,863.7866041822916,837.9410296272273,843.1101565318523,34180952,891.1670288085937,889.1583231608073,0.028964009401135415
2021-02-02,272,873.218017578125,879.6567282728388,841.092407917175,867.9808869129354,41470034,888.5303344726562,888.1645568847656,0.016092434357732666
2021-02-03,273,875.4171142578125,885.0978176672972,861.5193971120666,874.3515418529886,30301696,884.6421630859375,888.0277750651042,0.0025183821627807745
2021-02-04,274,872.5377807617188,879.656648554206,863.7865225405493,872.4017132446297,25626981,878.7294189453125,887.8403544108073,-0.0032890989326098685
2021-02-05,275,872.2883911132812,881.7651430554548,870.5880568440388,875.1450294447208,20248046,870.7648986816406,887.5365559895833,-0.0002858210314053977
2021-02-08,276,884.8484497070312,892.8061507159327,874.691600163488,876.5052740367894,21183400,866.3144714355469,886.8911702473958,0.014398974836429934
2021-02-09,277,886.9795532226562,902.1468540671391,885.2338830875444,889.6095123241837,19604141,867.001416015625,886.178525797526,0.0024084390002949707
2021-02-10,278,895.2093505859375,899.9477267102546,873.8980819416108,885.8913937556059,21234156,870.5971252441407,885.9404724121093,0.009278452173311136
2021-02-11,279,932.1185913085938,935.9727980522624,894.2797692311354,897.793837177367,42539278,878.7203308105469,886.8503540039062,0.0412297310104035
2021-02-12,280,925.7252807617188,942.2301692248576,913.8453687465834,932.027983547643,30497029,887.7730895996094,887.7012939453125,-0.0068589025114277336
2021-02-15,281,921.6443481445312,934.6578356915304,918.1982839074868,928.6498762091927,15791099,893.9986877441406,888.3829488118489,-0.004408362504510599
2021-02-16,282,933.8416748046875,942.8649480322981,922.7325927047402,924.8864053509033,21421660,900.0610534667969,889.4205505371094,0.01323430961705796
2021-02-17,283,944.6106567382812,950.3692089797069,929.8061035808391,934.0683329596526,23742994,906.9804077148438,891.1911966959635,0.011531914053681591
2021-02-18,284,937.5597534179688,956.0143812893422,933.6602109891347,945.4041141538684,18646877,913.4826049804688,893.5104939778646,-0.007464348692252876
2021-02-19,285,943.2730712890625,954.4501576444582,931.030412526974,932.7081388605912,23403483,920.5810729980469,896.06708984375,0.006093817327658568
2021-02-22,286,910.5352783203125,947.6260001116775,904.5727145749872,943.1370313830363,23804335,923.149755859375,897.1915974934896,-0.03470659129917808
2021-02-23,287,917.4954833984375,930.8490501461664,913.0291825324456,928.6272336757321,25644108,926.2013488769531,899.0990315755208,0.007644080623613769
2021-02-24,288,934.5217895507812,936.4488628942796,918.7196681979915,920.4653981529497,10807663,930.1325927734375,900.6701680501302,0.018557373262784616
2021-02-25,289,972.3153076171875,975.7840397521635,939.9629623775807,941.3232777095965,34855693,934.1522644042968,903.7769287109375,0.040441558975926384
2021-02-26,290,945.7669677734375,967.57699044691,938.9201148180857,959.9140321981981,37481215,936.1564331054688,905.6692504882812,-0.027304249594517715
2021-03-01,291,952.9765014648438,957.6468737146039,935.2019693603648,956.8306484903325,17680764,939.2896484375,908.1517883300781,0.007622949349118446
2021-03-02,292,954.9262084960938,965.8085514456496,947.2632505723379,962.1811437745009,17150760,941.3981018066406,909.9964965820312,0.0020459130191070596
2021-03-03,293,998.5009765625,1006.572077071357,955.4703590572257,961.750393670414,31924461,946.7871337890625,912.8032348632812,0.04563155527486451
2021-03-04,294,986.5984497070312,992.9918242849485,978.3686732860034,988.4801874020635,21435754,951.6910034179688,914.6343424479167,-0.011920395808169504
2021-03-05,295,987.890625,1002.9672532884404,976.260120871694,977.5977682721734,25511666,956.1527587890625,915.83291015625,0.001309727674265515
2021-03-08,296,993.5133666992188,1012.0133338386485,983.039105165261,983.2657844385993,19506841,964.4505676269531,917.9715983072916,0.0056916641953341784
2021-03-09,297,993.4905395507812,1003.8061245628406,973.3355758572837,997.5487577867862,15154484,972.0500732421875,921.7509460449219,-2.2976186534240384e-05
2021-03-10,298,989.3642578125,1004.3955499162571,984.0591241137868,1000.7227465962088,11519358,977.5343200683594,926.0880126953125,-0.0041533175948982315
2021-03-12,299,969.2546997070312,1000.4507422731192,963.0426687169551,995.2816157511662,16864952,977.2282592773438,930.0336181640625,-0.020325737408314448
2021-03-15,300,956.2411499023438,974.378367439583,943.3636702802955,970.3655452396614,16698099,978.2756774902343,934.0684000651041,-0.013426346871076356
2021-03-16,301,952.4776611328125,963.9948252863043,950.1651731263198,958.5536241227466,13873801,978.2257934570313,937.171376546224,-0.003935710955249694
2021-03-17,302,931.9599609375,953.5659717866566,922.7779520359184,951.321487384943,19210236,975.9291687011719,939.1294413248698,-0.02154139780129871
2021-03-18,303,910.9888305664062,945.3135885679565,907.3160267693697,939.9177225056251,20647480,967.1779541015625,940.3151652018229,-0.02250217954642386
2021-03-19,304,944.0438842773438,950.3239190123003,899.0635245309819,902.7816639429236,41787429,962.9224975585937,942.6987019856771,0.03628480679657242
2021-03-22,305,935.1566162109375,940.4164143959771,921.9164490477823,939.0561589834671,18572478,957.6490966796875,944.7943094889323,-0.009414041247891136
2021-03-23,306,946.5377807617188,956.6039587366939,932.2547090305418,934.9526119187763,17421165,952.9515380859375,946.8506205240885,0.012170329924943823
2021-03-24,307,928.309814453125,943.0236364808284,925.1811610696235,943.0236364808284,16822814,946.4334655761719,948.2282958984375,-0.019257515842552975
2021-03-25,308,902.9856567382812,931.3477881428614,900.0610147041692,931.3477881428614,22001648,937.79560546875,948.4875061035157,-0.02727985562639168
2021-03-26,309,904.4366455078125,913.0745041101142,894.937285828174,912.3036747318539,20180202,931.3138000488282,947.564774576823,0.0016068790890571005
2021-03-30,310,920.1480102539062,929.0352757477536,903.0309690022071,910.4899154033928,20441701,927.7044860839844,947.3788655598959,0.01737143759502624
2021-03-31,311,908.2681274414062,929.4887232737643,906.40905776399,915.0243084377211,16250796,923.2835327148438,946.9329915364583,-0.012910838995589313
2021-04-01,312,916.7699584960938,920.465429845356,908.2907755247039,915.0242884490825,11723312,921.7645324707031,946.3639343261718,0.00936048595984218
2021-04-05,313,903.5071411132812,918.1982951252521,889.677488179083,918.1756272004715,14875099,921.0163635253906,944.9938171386718,-0.01446689789505029
2021-04-06,314,899.7437133789062,909.107066008566,892.8061886370579,908.6763154469585,14009194,916.5863464355468,943.7332824707031,-0.004165354719540826
2021-04-07,315,908.15478515625,928.1284651595439,903.8245518752842,906.8625335398098,24266353,913.8861633300781,942.5626729329427,0.009348297356540192
2021-04-08,316,909.288330078125,916.8379481306634,903.6884533297169,911.850225266319,15369188,910.1612182617188,942.5211079915365,0.001248184715207934
2021-04-09,317,898.7235107421875,909.7418622564089,897.7939458378843,906.159790104371,14037885,907.202587890625,941.8953755696615,-0.011618778099824256
2021-04-12,318,866.5751953125,889.3601188333347,861.632807894605,888.271878488836,20901482,903.5615417480469,939.6304890950521,-0.035771085373229705
2021-04-13,319,875.9385375976562,879.9287521472845,869.6131669055775,872.4017415275625,19411189,900.7117309570312,936.4179300944011,0.010804996884061113
2021-04-15,320,881.6063232421875,889.1786089267097,867.4139245804644,873.4445516203328,19723716,896.8575622558594,934.2792419433594,0.006470528925551777
2021-04-16,321,876.0745239257812,884.1456245317884,873.5126286216039,878.1149969863354,15656948,893.6382019042969,931.7158426920573,-0.006274681987377906
2021-04-19,322,862.2902221679688,868.9556716698464,856.985088064207,863.3331266419872,18478808,888.1902282714843,928.6279764811198,-0.01573416573745756
2021-04-20,323,862.0408325195312,870.1345408290238,857.1891171314771,866.2803940149797,17203668,884.0435974121094,924.0793050130209,-0.0002892177622175751
2021-04-22,324,864.4213256835938,868.0714611843059,850.9544197704057,858.0052836359382,14490954,880.5113586425781,920.0067342122396,0.0027614621886353774
2021-04-23,325,863.4918212890625,870.0892067348701,859.4109352555885,864.2399827290652,11828857,876.0450622558594,915.860107421875,-0.0010752909107097919
2021-04-26,326,878.6817626953125,889.6321696188024,866.7338471259807,870.5880540621903,20846778,872.9844055175781,912.0323872884114,0.017591297371611248
2021-04-27,327,901.7161254882812,905.5929405224553,878.8631979839778,879.6566953316482,19992524,873.2836669921875,908.9732401529948,0.02621468177774844
2021-04-28,328,905.6382446289062,910.4899602170952,897.861946907099,905.8876517747103,17122437,877.1899719238281,906.182373046875,0.0043496162814002926
2021-04-29,329,917.7676391601562,927.0403205523227,910.1726842149145,917.246156900355,17412606,881.3728820800782,904.4661376953125,0.013393200434264063
2021-04-30,330,904.36865234375,923.1860285256435,901.2173310194296,910.7166908105166,19828769,883.6491149902344,902.7370544433594,-0.014599541588399823
2021-05-03,331,888.2945556640625,897.340497401844,881.0623478526642,891.4458771331132,23640186,884.8711181640625,900.5976175944011,-0.017773832206622875
2021-05-04,332,869.0463256835938,892.2620588404909,866.5071582786076,884.190958253908,21849830,885.546728515625,898.5004964192708,-0.02166874699133936
2021-05-05,333,870.6333618164062,878.9764773257763,865.1694924935965,872.1070167804479,12393609,886.4059814453125,897.1553141276041,0.0018261812816067202
2021-05-06,334,875.5758056640625,877.3895395810054,864.51205875474,871.4269155650811,14624666,887.5214294433594,894.8730448404948,0.005676837190507822
2021-05-07,335,875.915771484375,886.7527777675398,873.3085405592442,878.6363420246701,12288548,888.7638244628906,892.898350016276,0.00038827685520015365
2021-05-10,336,873.3993530273438,882.740038023686,871.0188609169002,879.2033017480504,13941237,888.2355834960938,890.4604024251302,-0.0028729000423942663
2021-05-11,337,876.5506591796875,878.9991548596583,866.0536709526697,868.320883202796,13478264,885.7190368652343,888.735097249349,0.0036080930692481417
2021-05-12,338,867.4819946289062,876.4372641804301,864.6934200952072,875.1676804843173,13177961,881.9034118652344,887.5516418457031,-0.010345853323831977
2021-05-14,339,878.4324340820312,880.563518938135,864.2400338075389,874.2381482108096,13291616,877.9698913574218,886.6848347981771,0.01262324696181083
2021-05-17,340,888.8839721679688,890.2895633789483,875.3036666921718,878.4323799585411,11873078,876.4214233398437,885.6427001953125,0.011897941925219868
2021-05-18,341,901.3987426757812,908.0415246390668,894.3932139164108,898.2474211128352,12064918,877.7318420410156,885.413720703125,0.014079194697694142
2021-05-19,342,905.5248413085938,914.32143492012,894.1664125157001,897.7938200130252,16317002,881.3796936035156,885.0388834635417,0.004577439969090991
2021-05-20,343,900.2423706054688,911.8048706158811,898.2472934944823,905.9102510089941,11422532,884.3405944824219,884.9300577799479,-0.005833601092037566
2021-05-21,344,908.0187377929688,911.2153947907652,900.514455659808,903.235026290113,10785605,887.5848876953125,885.2058919270834,0.008638081744885895
2021-05-24,345,900.3558349609375,911.3062425850612,898.7008364416796,910.4900173207081,8551760,890.0288940429688,884.9459269205729,-0.008439146146539511
2021-05-25,346,890.153564453125,905.5022080454436,888.7252453359569,905.2301329831129,14780102,891.7043151855469,884.3081013997396,-0.01133137600896994
2021-05-26,347,893.2822265625,897.5671839561246,891.1284738713696,895.5267109206686,7480204,893.3774719238281,884.1267252604167,0.0035147442355041303
2021-05-27,348,896.0255737304688,903.6885320706949,889.7455387788042,893.3956745411289,26819294,896.2318298339844,885.1084045410156,0.0030710867029399846
2021-05-28,349,949.8478393554688,954.472815743996,902.3282518740783,902.3282518740783,56469931,903.3733703613282,887.5720479329427,0.06006777842391142
2021-05-31,350,979.5474853515625,993.7852201877816,945.4268031702701,953.1124286476038,59124142,912.4397216796875,890.8367533365886,0.03126779339335739
2021-06-01,351,983.447021484375,998.4555855632798,973.290112651038,982.1320420491826,28013832,920.6445495605469,894.4158365885417,0.003980956708201866
2021-06-02,352,998.1156005859375,1001.856407995626,978.0512481274061,978.0512481274061,24630162,929.9036254882812,898.943349202474,0.014915474632708037
2021-06-03,353,1001.9243774414062,1020.220331233519,995.7804103170117,1007.0707759680465,23974257,940.071826171875,903.6061340332031,0.003815967662696318
2021-06-04,354,993.2412109375,1005.007723278059,990.4072405064371,1004.2595618006808,14468646,948.5940734863282,907.9001302083333,-0.008666488908155245
2021-06-07,355,1009.9727172851562,1016.5928305525485,990.747259262441,998.4556127916534,16336573,959.55576171875,912.7828267415365,0.0168453605865424
2021-06-08,356,1004.1688232421875,1009.8593716828784,996.7098768905071,1009.6100245190582,9674735,970.9572875976562,916.9657287597656,-0.005746584975651503
2021-06-09,357,986.2130126953125,1007.0708023507111,978.4819907883092,1006.1639653966724,11409161,980.2503662109375,919.7822916666667,-0.017881266706628707
2021-06-10,358,989.8404541015625,1011.1517216348074,987.3692305170946,994.5561020859403,14155653,989.6318542480469,922.5890319824218,0.003678152041754368
2021-06-11,359,1007.0098876953125,1013.766875641892,991.9717457006176,993.24581569042,13762778,995.3480590820312,925.5637736002604,0.017345657598258013
2021-06-14,360,1021.4564208984375,1027.530819009634,998.7740423359074,1007.8515792569079,20332436,999.5389526367187,929.46669921875,0.014345969567575834
2021-06-15,361,1023.7770385742188,1035.106825043558,1019.3634081270661,1028.7822100785202,15174215,1003.5719543457031,933.9827819824219,0.0022718714458127565
2021-06-16,362,1006.3045043945312,1022.4346788679379,1003.6881840170562,1021.4564397057088,10797349,1004.3908447265625,938.5580546061198,-0.017066737699080403
2021-06-17,363,1008.1473999023438,1016.9519142263862,991.8807422543711,1001.0264608448158,15745975,1005.0131469726563,943.141855875651,0.0018313497552326918
2021-06-18,364,1012.6974487304688,1016.9518504435479,993.9054594499104,1012.6292078814683,29369026,1006.9587707519531,947.712577311198,0.0045132773526626035
2021-06-21,365,1017.9755859375,1022.6394327555987,1001.0947014517697,1002.6189877915085,12186448,1007.7590576171875,952.4479044596354,0.005211958629547153
2021-06-22,366,1012.742919921875,1028.7821668704214,1009.8308290128952,1025.596992217332,12871913,1008.6164672851562,957.0926900227864,-0.00514026670964407
2021-06-23,367,1003.4608154296875,1024.0500559302593,1001.7999870984139,1023.777092514532,16653951,1010.3412475585938,961.3230285644531,-0.009165311659649511
2021-06-24,368,979.8683471679688,1007.669572262773,973.7257080355693,1004.1432535343797,91461975,1009.3440368652343,965.0692403157552,-0.023511100681710584
2021-06-25,369,957.5499877929688,979.868355835384,946.9254774381874,979.868355835384,55355022,1004.398046875,967.7064921061198,-0.022776895936586716
2021-06-28,370,949.1550903320312,967.5830690553377,946.8800342020979,965.535542609245,20277042,997.1679138183594,969.7155293782552,-0.008767059232371421
2021-06-29,371,949.97412109375,959.6203929887992,948.2906059997632,950.7476377872767,27144063,989.7876220703125,971.3347086588542,0.000862905093236277
2021-06-30,372,960.3711547851562,965.8312654969786,951.4529057551116,953.8189497184267,19762858,985.194287109375,973.162919108073,0.010944544130776501
2021-07-01,373,954.592529296875,966.0587979305755,953.2502184775107,963.715500911565,12534407,979.8388000488281,974.9745910644531,-0.006017075231267155
2021-07-02,374,968.7433471679688,970.4951632609226,952.317400936898,954.1602048328318,14086620,975.4433898925781,976.9987447102865,0.014823935277931355
2021-07-05,375,978.3668823242188,979.8911687487861,969.8581385815543,972.1104477919255,11702287,971.48251953125,979.5991129557292,0.009934039995612265
2021-07-06,376,966.8095703125,977.775345876362,964.7165499262375,975.9780960314433,10070124,966.8891845703125,982.1543131510417,-0.011812861024346089
2021-07-07,377,960.09814453125,968.1518891821571,954.6152867923088,968.1518891821571,10454892,962.5529174804688,984.3815104166666,-0.006941828036601594
2021-07-08,378,952.1581420898438,963.2377120648708,946.880007204719,963.2377120648708,11185460,959.7818969726562,986.2525960286458,-0.008269990403202754
2021-07-09,379,942.4208984375,951.7486525291566,940.1003484340649,950.0650773140198,9037675,958.2689880371094,986.0050313313802,-0.010226498332484901
2021-07-12,380,948.2905883789062,956.2077909534229,943.9224517127791,946.3112426024383,8585292,958.1825378417968,984.963134765625,0.006228310462064179
2021-07-13,381,955.3887329101562,956.9130192420056,950.0877909959721,955.525214607773,6717133,958.7239990234375,984.0278584798177,0.007485199809252885
2021-07-14,382,949.1550903320312,958.6420731903104,946.9937689554591,955.6844881859736,8532544,957.602392578125,982.3958414713542,-0.006524718539580254
2021-07-15,383,947.4943237304688,953.2502049164673,945.7425076403309,953.2502049164673,9448356,956.8925720214844,980.5815063476563,-0.0017497315438529393
2021-07-16,384,961.1673583984375,962.2366455584815,949.8830661097808,949.951306958421,8828185,956.1349731445313,979.5123779296875,0.01443072990045513
2021-07-19,385,955.0475463867188,966.4455743808566,951.9989734743655,955.5252925444601,8354449,953.8030395507812,977.6815388997396,-0.006367061842295629
2021-07-20,386,952.7041015625,959.1653183707836,948.2450375383125,955.2976750301373,6741464,952.3924926757812,975.9660481770833,-0.0024537467617029574
2021-07-22,387,964.9439697265625,966.4000152300578,954.683470529445,964.1704530749702,7972397,952.8770751953125,975.257080078125,0.012847502329409899
2021-07-23,388,958.1188354492188,971.2004383163171,956.4580071605648,971.2004383163171,9937030,953.47314453125,974.1996927897136,-0.007073088688535734
2021-07-26,389,944.99169921875,965.0804452589716,942.3753787545852,959.1653356602167,12389668,953.730224609375,972.1324198404948,-0.013700947883269698
2021-07-27,390,935.0496826171875,948.1085383406385,929.1345728588083,944.9689777697635,10824523,952.4061340332031,969.2521952311198,-0.01052074490154975
2021-07-28,391,927.0187377929688,936.414732655119,917.4179602018662,936.414732655119,12897848,949.5691345214843,966.0269185384115,-0.00858878942318897
2021-07-29,392,934.25341796875,943.8769425785124,929.7715466212894,934.5946824013536,13765738,948.0789672851563,963.6252156575521,0.007804243734064631
2021-07-30,393,926.0859375,940.9420420087474,924.174832733627,936.4146770615433,11350608,945.9381286621094,960.889833577474,-0.008742253773614928
2021-08-02,394,943.012451171875,946.1520117827725,928.7478263645152,934.7312372274596,10925104,944.1226379394532,958.5670003255208,0.018277476189271002
2021-08-03,395,949.9512939453125,951.4300863540562,939.2357958963441,950.9750871922383,11817299,943.6130126953125,956.2995239257813,0.007358166654973353
2021-08-04,396,957.2316284179688,961.8954756587327,949.6101358514545,952.9772263092809,13169800,944.0657653808594,954.4491475423177,0.007663902895926222
2021-08-05,397,971.1094360351562,980.4598768953389,957.4590392491626,962.0318984025091,21252078,944.6823120117188,953.3707682291666,0.014497857368256373
2021-08-06,398,950.5428466796875,976.8880266163,945.8561927770681,969.1528000617284,16620987,943.9247131347656,952.393251546224,-0.021178446622285962
2021-08-09,399,945.128173828125,950.8841149123823,940.2822912594686,946.8799898333923,7494143,943.9383605957031,951.9791910807292,-0.005696400609900287
2021-08-10,400,950.0877685546875,961.4403616289129,943.5811181110125,947.3349664779623,11919198,945.4421691894531,952.0102803548177,0.005247536645187845
2021-08-11,401,963.39697265625,964.6254885296094,947.9720727670094,954.1374592617027,9184963,949.0799926757812,952.4577087402344,0.014008394321094242
2021-08-12,402,960.3029174804688,967.4466034758628,957.8003316249841,966.8550623942889,8137612,951.6849426269531,952.4554341634115,-0.003211609817758143
2021-08-13,403,976.2965087890625,978.2303606065249,959.5975996548036,963.3969420853272,12780901,956.7059997558594,953.1789001464844,0.016654735727093195
2021-08-16,404,988.9685668945312,1002.3914332731313,968.3337742680684,977.9800453155041,21935444,961.301611328125,953.8530741373698,0.012979722852011877
2021-08-17,405,984.759765625,994.2922421974579,977.2975624086582,986.8528461084586,12658169,964.7824584960938,954.0661702473958,-0.0042557482719064454
2021-08-18,406,988.5819091796875,995.0203194571639,979.4589373887336,989.1961972236583,10075860,967.9174865722656,954.791914876302,0.0038812954063589533
2021-08-20,407,977.4795532226562,988.2860390419917,972.3606471777291,975.090702319037,9426282,968.5544982910156,955.3712951660157,-0.011230587828826244
2021-08-23,408,983.895263671875,989.1961455676026,970.2221199980743,989.1961455676026,9854395,971.8897399902344,956.42919921875,0.006563523940799287
2021-08-24,409,993.6098022460938,997.3863978639248,980.8239096504693,985.123805492856,11864472,976.7379028320313,958.1354960123698,0.009873549485302169
2021-08-25,410,1002.20947265625,1010.1267354530132,991.9717199859176,994.3833180171741,13380559,981.9500732421875,959.932792154948,0.008654977427473343
2021-08-26,411,1014.8815307617188,1021.4564824929126,1003.3014677332652,1004.666525440298,18589616,987.0985290527344,961.9158854166667,0.012644121265270813
2021-08-27,412,1013.4937744140625,1020.4782919319844,1008.3294342208058,1017.8619111430866,10480636,992.4176147460937,964.0605082194011,-0.0013674072348274224
2021-08-30,413,1032.990966796875,1035.5391065503322,1017.7708505413503,1023.7770080256,14027062,998.087060546875,966.9103963216146,0.019237604487589932
2021-08-31,414,1027.4854736328125,1039.1337183154053,1020.2507393885751,1036.016904489164,26485463,1001.9387512207031,969.1210001627604,-0.0053296624472274345
2021-09-01,415,1031.5576171875,1043.296968181422,1029.6921267178896,1034.242238504605,11145486,1006.6185363769531,971.6713358561198,0.003963212774473535
2021-09-02,416,1043.9796142578125,1050.0767599227504,1026.052128476792,1026.052128476792,9956770,1012.1583068847656,974.7138529459636,0.012041980848515932
2021-09-03,417,1086.796142578125,1089.753727352986,1047.6651320377116,1051.0776557907193,30664428,1023.0899658203125,978.7755920410157,0.041012801146267375
2021-09-06,418,1103.67724609375,1128.4299004209945,1097.4889922462605,1097.944051619568,33641710,1035.0681640625,983.6275390625,0.01553290709661459
2021-09-07,419,1110.638916015625,1118.4195769224002,1097.4890117544835,1105.6792381399396,17349882,1046.7710754394532,989.1491129557292,0.006307704491067989
2021-09-08,420,1106.29345703125,1116.5995103115172,1095.054658449374,1115.6895119598441,14301651,1057.1794738769531,994.8572387695312,-0.003912575835145593
2021-09-09,421,1103.67724609375,1109.2510915570197,1099.35460328716,1104.7237261918483,8963249,1066.0590454101562,1000.7458557128906,-0.0023648435420748903
2021-09-13,422,1079.0838623046875,1107.0443192185294,1077.4913349676583,1107.0443192185294,16311160,1072.6180541992187,1005.5735371907552,-0.022283130214114655
2021-09-14,423,1077.67333984375,1089.2988378614205,1076.5584984650136,1080.6536720322044,8908356,1077.0862915039063,1010.6264506022136,-0.0013071481376109029
2021-09-15,424,1082.155029296875,1090.0949179081745,1077.695905241629,1077.695905241629,9071075,1082.5532470703124,1015.2645365397135,0.004158671544918002
2021-09-16,425,1104.860107421875,1108.750437452325,1077.013388880378,1083.6338341939222,13448882,1089.88349609375,1020.428163655599,0.020981354344166814
2021-09-17,426,1087.7288818359375,1117.441211114052,1080.9264609621353,1112.9593400786748,34882133,1094.2584228515625,1024.7780721028646,-0.015505334540417248
2021-09-20,427,1089.4581298828125,1100.3783514488218,1078.3785593037167,1079.3340516110384,11779819,1094.5246215820312,1028.7230285644532,0.001589778552129939
2021-09-21,428,1094.1673583984375,1099.5819747220887,1084.7485569386888,1094.3038400919852,9915736,1093.5736328125,1033.5105122884115,0.00432254199262494
2021-09-22,429,1105.90673828125,1111.1392587944545,1091.2325487612284,1095.6689260415033,10995912,1093.1004150390625,1038.8697977701822,0.010729053277549472
2021-09-23,430,1132.9344482421875,1136.1649964932392,1112.731907489886,1113.596411926489,15748397,1095.7645141601563,1044.964687093099,0.024439411593551563
2021-09-24,431,1129.6583251953125,1140.009872555042,1124.7897556991463,1139.1453680882425,15192163,1098.3626220703125,1050.5067321777344,-0.0028917145665030564
2021-09-27,432,1148.655029296875,1151.134928281977,1126.2912870102596,1131.6149158288965,15373834,1105.3197387695313,1056.785135904948,0.01681632727159177
2021-09-28,433,1159.3934326171875,1167.0603586138618,1143.354184437372,1153.0004562253168,18035258,1113.491748046875,1062.8883666992188,0.00934867566538733
2021-09-29,434,1150.2021484375,1169.38083570803,1146.653022546889,1169.38083570803,9719875,1120.2964599609375,1068.2628194173178,-0.007927666244356146
2021-09-30,435,1146.2889404296875,1153.273457399079,1137.6892697076169,1148.9053210131074,13590654,1124.4393432617187,1073.6471252441406,-0.003402191530530896
2021-10-01,436,1148.3138427734375,1155.6395643825463,1135.2550471541776,1138.4173546931033,8958928,1130.4978393554688,1078.971523030599,0.0017664851088861067
2021-10-04,437,1163.0789794921875,1171.587662580675,1154.38820045178,1161.645680951927,10918552,1137.8599243164062,1085.1581705729166,0.012858102174479358
2021-10-05,438,1187.2174072265625,1188.4914771861918,1159.0748554855732,1162.6012346483487,13533634,1147.1649291992187,1091.9355753580728,0.020753902495008525
2021-10-06,439,1164.7625732421875,1192.1087413964174,1160.78125500237,1192.1087413964174,10258881,1153.0505126953126,1097.6406677246093,-0.018913834860989187
2021-10-07,440,1170.4730224609375,1182.4625914537355,1168.3344479778266,1180.7562090449592,6336665,1156.8043701171875,1103.249452718099,0.004902672312739664
2021-10-08,441,1215.4510498046875,1221.4344612360428,1174.6136499701672,1176.319912141792,15772493,1165.383642578125,1109.9351033528646,0.038427222567832375
2021-10-11,442,1206.987548828125,1237.6326239992216,1203.6660128198464,1229.1694349795048,14768666,1171.21689453125,1116.3848958333333,-0.006963259423670376
2021-10-12,443,1213.881103515625,1220.797380462856,1201.8005463413256,1203.5069288032655,6682011,1176.6656616210937,1122.4145670572916,0.005711371831625733
2021-10-13,444,1226.2344970703125,1237.4050535570852,1214.5633873865165,1218.9770173074653,9959762,1184.268896484375,1129.0395345052084,0.010176773918722182
2021-10-14,445,1228.7144775390625,1236.47251177523,1222.7083196035724,1228.6917305879201,8623469,1192.5114501953126,1135.6114298502605,0.0020224357369451607
2021-10-18,446,1231.9906005859375,1249.0079672854492,1211.3784935963072,1214.2450907648501,13594479,1200.8791259765626,1141.8784627278646,0.00266630133099488
2021-10-19,447,1243.0245361328125,1251.8972908980181,1232.1725560059263,1239.3616754056989,8833409,1208.873681640625,1147.086075846354,0.008956184845588355
2021-10-20,448,1228.7144775390625,1247.9842743668398,1224.6649184645307,1247.9842743668398,12710570,1213.023388671875,1151.2539835611979,-0.011512289723797586
2021-10-21,449,1193.2689208984375,1241.2726844412653,1184.4871546113602,1240.9997210618956,20831669,1215.8740234375,1154.0083170572916,-0.028847675589871224
2021-10-22,450,1195.4986572265625,1212.56163907253,1188.2639230760205,1192.1315066188683,11027475,1218.3765869140625,1156.9818237304687,0.0018685949906800392
2021-10-25,451,1183.8502197265625,1219.4322268467454,1169.3808726672285,1219.4322268467454,17198417,1215.21650390625,1159.6542561848958,-0.009743580580026112
2021-10-26,452,1210.8096923828125,1214.3815653473446,1184.464511564794,1190.8119938799573,9750178,1215.5987182617187,1164.0451171875,0.022772705708055563
2021-10-27,453,1195.4986572265625,1217.976256032517,1192.1087596672705,1206.691962726344,9896298,1213.7604736328126,1167.9726277669272,-0.012645286251482424
2021-10-28,454,1182.39404296875,1200.298779292571,1178.7085560280439,1192.1313011797695,9886181,1209.3764282226562,1171.3139282226562,-0.010961630260810096
2021-10-29,455,1154.0242919921875,1181.2794715076984,1138.303621720808,1181.2794715076984,14233025,1201.9074096679688,1172.952734375,-0.02399348266786916
2021-11-01,456,1154.7296142578125,1163.0108284889366,1134.8455291099833,1154.0243384080532,15481114,1194.1813110351563,1175.1860921223958,0.0006111849382368639
2021-11-02,457,1137.8941650390625,1159.3707786875088,1135.3688922235076,1158.0057208153316,10569130,1183.6682739257812,1176.800626627604,-0.014579559587696855
2021-11-03,458,1130.06787109375,1146.6302984409235,1119.7845647630193,1140.2828162204378,11989430,1173.80361328125,1177.9973103841146,-0.0068778751010151185
2021-11-04,459,1137.0067138671875,1139.7595760808606,1132.9799021702054,1134.3220924997154,1705656,1168.177392578125,1179.0339762369792,0.0061402000277395175
2021-11-08,460,1138.41748046875,1146.630454409684,1117.691636338527,1146.357370619063,20337183,1162.4692749023438,1179.2167439778646,0.0012407724460694602
2021-11-09,461,1147.40380859375,1150.6798507830363,1131.637644937905,1139.805123815544,15682497,1158.8246337890625,1179.808260091146,0.007893701809023268
2021-11-10,462,1160.2349853515625,1163.9205925184515,1139.190689562383,1145.1286055338035,10253470,1153.7671630859375,1180.1942586263021,0.011182790802776177
2021-11-11,463,1162.3511962890625,1169.6085579306034,1153.705909366423,1155.7534963250885,10722478,1150.4524169921874,1180.292850748698,0.001823950289568943
2021-11-12,464,1179.8917236328125,1182.4626105860948,1163.465776749054,1166.1503984605802,8712341,1150.2021850585938,1181.2825032552084,0.015090557311550956
2021-11-15,465,1172.929931640625,1184.0322480185664,1169.3808058406628,1183.031141558392,4803269,1152.0927490234376,1182.170536295573,-0.00590036513753367
2021-11-16,466,1145.6748046875,1171.6559135252794,1135.255016670807,1170.3136027722971,11337581,1151.1872680664062,1182.082568359375,-0.023236790380992467
2021-11-17,467,1121.1497802734375,1137.0524279565616,1119.7847223766223,1137.0524279565616,10202029,1149.5128295898437,1180.6849283854167,-0.02140661932488952
2021-11-18,468,1125.381103515625,1132.5248489990865,1114.8020873378032,1119.3294522857677,8505625,1149.0441528320312,1178.6237182617188,0.003774092736436696
2021-11-22,469,1075.53466796875,1114.3244768150466,1069.733232783756,1108.4548007788628,24124307,1142.8969482421876,1175.6494547526042,-0.04429293809106771
2021-11-23,470,1085.5904541015625,1092.597718814344,1050.6228528101806,1061.5658216102945,25326999,1137.6142456054688,1172.8200358072916,0.009349569504629507
2021-11-24,471,1069.9154052734375,1096.5335515396243,1066.343532034508,1082.9287078531017,16820296,1129.8654052734375,1167.96884765625,-0.014439191841547405
2021-11-25,472,1134.3221435546875,1138.4400635861748,1072.5315589664726,1079.7435455818988,42401936,1127.27412109375,1165.5466674804688,0.06019797262830284
2021-11-26,473,1097.7620849609375,1127.3378152568512,1092.7114193284249,1122.8786907081894,15763138,1120.8152099609374,1161.6760335286458,-0.032230754553710605
2021-11-29,474,1110.911865234375,1137.530130735484,1091.6193215192616,1109.819891228915,24325354,1113.9172241210938,1157.8319458007813,0.011978716020152325
2021-11-30,475,1094.48583984375,1126.5642137673601,1086.9553960411952,1122.9695939867834,32172299,1106.0728149414062,1153.3576578776042,-0.014786074309467878
2021-12-01,476,1122.5147705078125,1125.699825172228,1103.4496957163708,1107.044315866843,10104610,1103.7568115234376,1149.7084635416666,0.025609221831562445
2021-12-02,477,1129.7266845703125,1135.8010837797613,1120.057665060323,1123.7432731717324,12720411,1104.614501953125,1145.9318684895834,0.0064247832206585365
2021-12-03,478,1095.78271484375,1136.8475802217874,1092.028866217897,1136.8020863205188,19222481,1101.6546630859375,1141.5008097330729,-0.030046178593606476
2021-12-06,479,1075.0113525390625,1103.404119692969,1072.5315739182363,1099.309066908383,10332254,1101.6023315429688,1137.5588907877604,-0.01895573093398295
2021-12-07,480,1083.7703857421875,1093.8488493527543,1073.8284038337267,1081.1768723394634,11235122,1101.4203247070313,1133.8346150716145,0.008147851817971175
2021-12-08,481,1100.2645263671875,1106.4981533356588,1094.8954038300121,1102.994641711683,8744178,1104.4552368164063,1131.0484252929687,0.015219220641191855
2021-12-09,482,1117.71435546875,1126.1093048249602,1103.404235637729,1107.9543482561612,13213547,1102.7944580078124,1127.9452473958333,0.015859667092219754
2021-12-10,483,1118.851806640625,1122.0596079618992,1105.8383850496557,1110.343003210938,8364414,1104.9034301757813,1125.3903523763022,0.0010176581935354978
2021-12-13,484,1096.4197998046875,1125.7453143246432,1093.8489128488443,1125.4723509045855,12901733,1103.4542236328125,1122.5245442708333,-0.020049131353052085
2021-12-14,485,1082.996826171875,1094.758924705155,1079.925506579218,1082.9285853235253,12991523,1102.305322265625,1120.156962076823,-0.012242549464359986
2021-12-15,486,1079.8345947265625,1094.3039423247055,1074.3288697386265,1084.7486582787296,9366969,1098.0373046875,1117.6604614257812,-0.0029198898546085594
2021-12-16,487,1093.80322265625,1099.0813569765323,1077.7640971670983,1094.6222331236886,9761279,1094.4449584960937,1116.190763346354,0.012935895921379226
2021-12-17,488,1064.932861328125,1095.6689246022736,1055.6277943848347,1091.1415595298965,21049821,1091.3599731445313,1114.0195963541667,-0.026394474554586433
2021-12-20,489,1036.2216796875,1054.6495980178693,1022.4574879615027,1054.6495980178693,14325846,1087.481005859375,1110.6600952148438,-0.026960555621147853
2021-12-21,490,1051.6466064453125,1067.4582657288427,1042.9786937245733,1051.6921003499008,12836561,1084.2686279296875,1107.767732747396,0.014885740242825518
2021-12-22,491,1076.6038818359375,1079.2430094666254,1056.5379426212896,1057.8573860824001,17658543,1081.9025634765626,1105.407735188802,0.02373161786256639
2021-12-23,492,1076.2171630859375,1082.9285964305648,1072.9411209146308,1080.1984810516549,9072401,1077.7528442382813,1102.6071411132812,-0.00035920244810982993
2021-12-24,493,1079.652587890625,1088.3887407376528,1063.6133400712515,1078.3785179602155,7886494,1073.8329223632813,1099.8505208333333,0.0031921297322901054
2021-12-27,494,1078.4923095703125,1082.0186888381238,1068.413845410363,1074.5337382222722,4017223,1072.0401733398437,1096.4705403645833,-0.0010746774780389101
2021-12-28,495,1091.3009033203125,1094.2357415301187,1079.7663934022717,1080.926608302519,6374613,1072.8705810546876,1093.7495727539062,0.011876388580928543
2021-12-29,496,1093.1663818359375,1100.6740785888855,1083.884061988693,1087.9337410579972,15425312,1074.203759765625,1091.9992919921874,0.0017094080193182926
2021-12-30,497,1073.4189453125,1094.2812707813944,1067.276305271878,1092.02896140955,29333171,1072.16533203125,1090.4082641601562,-0.018064438178452158
2021-12-31,498,1077.5367431640625,1084.703115610681,1073.828388538488,1079.7435583793856,9477290,1073.4257202148438,1088.8134521484376,0.003836151643814789
2022-01-03,499,1093.7806396484375,1095.6462506930534,1075.4437086416906,1076.1034905748938,5421611,1079.1816162109376,1089.421651204427,0.015075027916613415
2022-01-04,500,1118.465087890625,1119.7846517979926,1093.848914455948,1099.2636517956478,10847728,1085.8634643554688,1090.517472330729,0.02256800618643373
2022-01-05,501,1123.6976318359375,1127.0647821675334,1107.021469888781,1120.2396140596422,11643813,1090.5728393554687,1092.310213216146,0.0046783256821907315
2022-01-06,502,1099.5364990234375,1116.5994791465537,1096.1238548571225,1115.3254092772324,14447422,1092.9047729492188,1091.1506917317708,-0.021501453885797273
2022-01-07,503,1108.4091796875,1118.4421482661342,1097.284116906681,1106.11137689842,13112115,1095.7804321289063,1091.505594889323,0.008069473520836201
2022-01-10,504,1109.3193359375,1117.9646215781718,1099.3318598320666,1115.6895654128748,9246731,1098.863134765625,1091.452510579427,0.0008211374162894192
2022-01-11,505,1117.3048095703125,1126.1319502273575,1107.9542483452858,1108.409307707792,16205164,1101.463525390625,1092.2131429036458,0.0071985346095710945
2022-01-12,506,1147.130859375,1148.8827357783716,1121.604686652831,1124.471284081761,14800442,1106.8599731445313,1093.0336791992188,0.026694640127932434
2022-01-13,507,1153.592041015625,1156.1856749337926,1141.3522552982324,1147.19918473575,11856712,1114.8772827148437,1093.829191080729,0.005632471298126607
2022-01-14,508,1155.2755126953125,1168.1523329319614,1149.2921017722908,1153.455515914101,19930176,1122.6511596679688,1095.8122843424478,0.0014593301789820323
2022-01-17,509,1161.304443359375,1167.105878804206,1154.3655399895374,1154.8205993720844,8036453,1129.4035400390626,1098.688720703125,0.005218608546455394
2022-01-18,510,1147.44921875,1165.8998821993202,1144.696356607209,1162.4418646639435,6215029,1132.301953125,1100.811348470052,-0.011930742785496551
2022-01-19,511,1147.3582763671875,1156.6404758295853,1141.6250823732196,1151.1803655784236,9755485,1134.668017578125,1102.3811401367188,-7.925612857317965e-05
2022-01-20,512,1127.26953125,1142.0574560089742,1117.054465620327,1137.5528377304774,16494486,1137.4413208007813,1102.6996459960938,-0.017508694128910873
2022-01-21,513,1127.4515380859375,1138.5538554378697,1115.6895591579548,1115.6895591579548,13338594,1139.345556640625,1102.9863037109376,0.00016145813480439308
2022-01-24,514,1081.9730224609375,1139.6912967231897,1071.598729229798,1126.1545759538076,21868937,1136.6109252929687,1102.504744466146,-0.04033744607968548
2022-01-25,515,1079.8572998046875,1086.8644436444313,1048.802657948011,1069.0734401117095,24510205,1132.8661743164062,1102.4000935872396,-0.001955430137655201
2022-01-27,516,1063.863525390625,1072.0537511885557,1051.5554999211186,1062.9080331478985,20020431,1124.5394409179687,1101.867724609375,-0.014811007358986439
2022-01-28,517,1062.8397216796875,1081.0629157010064,1059.4499449788068,1076.103358864866,14667727,1115.464208984375,1100.8356079101563,-0.0009623449686007035
2022-01-31,518,1085.9317626953125,1094.9409997464795,1072.0993294430996,1073.91944662709,12143683,1108.529833984375,1101.5355712890625,0.021726738796637113
2022-02-01,519,1082.337158203125,1101.402112704543,1067.9587979070466,1095.6690383601324,13200509,1100.63310546875,1103.07275390625,-0.0033101568769529077
2022-02-02,520,1084.5438232421875,1095.2138271372608,1080.6989871423398,1095.2138271372608,10017691,1094.3425659179688,1104.169327799479,0.002038796342099136
2022-02-03,521,1070.529541015625,1092.6886822523618,1068.0042683536662,1088.3887863228124,9572839,1086.6596923828124,1103.9668497721354,-0.012921821992095794
2022-02-04,522,1060.76953125,1068.5730594354839,1056.1284310635565,1065.183161923649,11061241,1080.0096923828125,1103.4519287109374,-0.009116992471189134
2022-02-07,523,1054.3084716796875,1072.372440138568,1048.802746440698,1065.6382591326399,10714467,1072.6953857421875,1102.6071248372396,-0.00609091737646239
2022-02-08,524,1072.031005859375,1073.8283759531457,1051.0776952115107,1060.4737500675897,12060849,1071.7011840820312,1102.391748046875,0.016809628923357245
2022-02-09,525,1084.5211181640625,1086.204633140618,1072.918368570495,1078.901658786714,11486225,1072.1675659179687,1102.1657552083334,0.011650887181826386
2022-02-10,526,1083.406494140625,1090.0723137940836,1076.1490130370194,1090.0723137940836,12464491,1074.1218627929688,1101.8404256184897,-0.001027756864084295
2022-02-11,527,1081.29052734375,1084.9761347999724,1066.593591416207,1079.857228868873,15943370,1075.966943359375,1102.1028116861978,-0.0019530682235326946
2022-02-14,528,1064.068359375,1071.5305623649283,1052.4427424947037,1064.8418760134352,10719633,1073.7806030273437,1101.6538655598958,-0.015927419627967287
2022-02-15,529,1100.1964111328125,1102.9037798370225,1062.7716573911962,1069.824295697398,11212671,1075.5665283203125,1101.867724609375,0.033952754481895386
2022-02-16,530,1097.92138671875,1107.0443589837334,1090.186219274119,1105.6793011160346,10392840,1076.9042846679688,1101.1829345703125,-0.002067834789353684
2022-02-17,531,1111.82177734375,1117.0089242641513,1096.5789142269996,1101.1745201113265,12853252,1081.0335083007812,1100.7870727539062,0.012660642914100295
2022-02-18,532,1103.1312255859375,1117.6915612787002,1101.1973736454247,1112.2314504381943,6775458,1085.269677734375,1100.9068969726563,-0.007816497153505186
2022-02-21,533,1091.9833984375,1109.091873871227,1085.021748188729,1097.4890031023695,11107193,1089.0371704101562,1100.3593709309896,-0.010105621969422773
2022-02-22,534,1087.0238037109375,1090.1634849848142,1067.9815952626598,1070.5978559109342,13494914,1090.5364501953125,1099.6161865234376,-0.004541822461457845
2022-02-23,535,1080.2213134765625,1095.0092390254035,1077.468571284383,1092.5294602510214,7310110,1090.1064697265624,1098.3800699869792,-0.006257903655055519
2022-02-24,536,1026.3934326171875,1064.6828130643278,1020.7740927277775,1048.8027920240986,24846650,1084.4051635742187,1094.355489095052,-0.04983041918154385
2022-02-25,537,1039.224853515625,1050.1450756675365,1035.7212210618118,1037.4729771115954,14570089,1080.1985961914063,1090.5432495117188,0.012501464341718282
2022-02-28,538,1073.62353515625,1077.1726610969984,1020.5919703644313,1020.5919703644313,21297446,1081.1541137695312,1087.8215169270834,0.033100326194332785
2022-03-02,539,1091.3690185546875,1092.4838597770897,1059.8139450476658,1062.2027357830907,21471786,1080.2713745117187,1085.4903361002605,0.016528590159729406
2022-03-03,540,1082.155029296875,1098.7856965324477,1078.4011810031334,1092.0287696037128,10186748,1078.6947387695313,1083.3138631184895,-0.008442597417704478
2022-03-04,541,1058.1531982421875,1075.7848524224223,1055.787154408625,1070.643199306108,10805667,1073.327880859375,1080.3403605143228,-0.02217966040437158
2022-03-07,542,1019.022216796875,1052.0333374144284,1011.0367133096933,1036.8358471079189,17983310,1064.9169799804688,1076.7321166992188,-0.036980450005081655
2022-03-08,543,1017.1793212890625,1021.9570232050447,991.92617525868,1006.2590402981642,21289374,1057.436572265625,1073.056376139323,-0.0018084939439351189
2022-03-09,544,1071.143798828125,1077.01347494328,1016.565078233395,1017.406956117863,20414228,1055.8485717773438,1072.695402018229,0.053053061942582413
2022-03-10,545,1088.50244140625,1094.3038764083778,1073.8283721325647,1092.028820377732,17980493,1056.6766845703125,1072.983573404948,0.0162057070181576
2022-03-11,546,1091.64208984375,1097.0340801861346,1081.1313132856126,1081.1313132856126,12257423,1063.2015502929687,1073.9095255533855,0.0028843742724580235
2022-03-14,547,1100.605712890625,1103.1311056498985,1080.1984500463022,1086.06812572994,8340678,1069.3396362304688,1075.1683919270833,0.008211137267671642
2022-03-15,548,1075.398193359375,1104.7464533796308,1065.1148867530296,1104.7464533796308,15925769,1069.5171020507812,1074.8172729492187,-0.022903315180006767
2022-03-16,549,1093.55322265625,1095.6235563592827,1081.6091471404573,1083.8387095081287,11149828,1069.7355224609375,1075.191141764323,0.01688214598925586
2022-03-17,550,1129.203369140625,1136.3469946247096,1098.8994972340938,1106.9304944761457,21422098,1074.4403564453125,1076.679793294271,0.0326002847833784
2022-03-21,551,1122.6966552734375,1130.249846191458,1109.7743416930666,1112.0493977484434,11999466,1080.8947021484375,1078.4186971028646,-0.0057622161295350915
2022-03-22,552,1151.7037353515625,1153.4327442921551,1116.417558596963,1119.3750232146147,22557065,1094.1628540039062,1081.4498372395833,0.025836970246482238
2022-03-23,553,1155.3665771484375,1167.0376894069477,1147.9954813767026,1147.9954813767026,15462187,1107.9815795898437,1084.8184407552083,0.0031803680794322275
2022-03-24,554,1173.3167724609375,1175.8194185614975,1142.0802732954487,1142.0802732954487,13168266,1118.198876953125,1088.1946329752604,0.015536363668060105
2022-03-25,555,1181.14306640625,1190.3115323247282,1172.5660212405173,1175.0686673806458,14222488,1127.462939453125,1091.4153645833333,0.0066702310313841995
2022-03-28,556,1193.018798828125,1196.5678044575318,1176.8885634283017,1187.5813149251485,9891424,1137.6006103515624,1095.0691080729166,0.010054440278778554
2022-03-29,557,1193.2918701171875,1200.321761515582,1186.3984604316122,1200.321761515582,8684065,1146.8692260742187,1098.8024861653646,0.00022889101942968892
2022-03-30,558,1216.2244873046875,1223.0724028520565,1190.8120505919683,1201.1863453712592,15811550,1160.95185546875,1103.874357096354,0.019217944713934898
2022-03-31,559,1198.8428955078125,1214.7456618708436,1196.0446595036312,1212.584340487485,13223718,1171.4808227539063,1107.1625732421876,-0.01429143384162157
2022-04-01,560,1208.443603515625,1212.6752582349072,1193.0415116671982,1199.4116203413212,7922880,1179.4048461914062,1110.8466471354166,0.00800831205138497
2022-04-04,561,1212.015625,1217.1572786813153,1201.9826544660282,1208.2617761125623,7929162,1188.3367431640625,1114.1864420572917,0.00295588596272367
2022-04-05,562,1194.88427734375,1214.8366019261355,1192.4499926471442,1206.2823045318924,13149870,1192.6547973632812,1117.2448771158854,-0.014134593071974622
2022-04-06,563,1191.6993408203125,1198.72923220727,1177.1617516980632,1177.1617516980632,12257215,1196.2880737304688,1120.568741861979,-0.002665476970303504
2022-04-07,564,1170.6776123046875,1185.7612463786218,1168.0157378896517,1180.8015690820077,15496499,1196.0241577148438,1123.3572021484374,-0.017640127669412475
2022-04-08,565,1190.15234375,1194.40674604813,1164.8308932448695,1164.8308932448695,15152495,1196.9250854492188,1127.0215698242187,0.016635435102387408
2022-04-11,566,1187.672607421875,1200.5721761413577,1175.2962186354357,1183.031386405553,9254209,1196.3904663085937,1132.3975423177083,-0.0020835453050587205
2022-04-12,567,1165.3084716796875,1184.2141946105721,1162.7375850997262,1177.1159431844708,13217742,1193.5921264648437,1136.6003295898438,-0.018830219373952017
2022-04-13,568,1161.0313720703125,1179.664132404293,1158.2330158892628,1171.4284128604863,10354235,1188.0728149414062,1139.5139241536458,-0.0036703582899469955
2022-04-18,569,1157.4822998046875,1164.7397805103374,1147.4493300930017,1152.545489452205,9974224,1183.9367553710938,1141.7177001953125,-0.0030568271891709964
2022-04-19,570,1201.595703125,1213.972089786732,1160.7584292751112,1163.920736701103,26141820,1183.2519653320312,1145.6990559895833,0.03811151438579774
2022-04-20,571,1236.9273681640625,1244.0028730390352,1205.3722941596611,1209.0124078704498,25072240,1185.7431396484376,1151.6581949869792,0.029403954214529238
2022-04-21,572,1265.888916015625,1269.0284764486553,1243.0927417436083,1251.692532864583,21708633,1192.843603515625,1159.8870849609375,0.023414105465666468
2022-04-22,573,1255.2872314453125,1274.9437261640837,1248.6440386176957,1255.3327253469529,15054154,1199.202392578125,1167.8240152994792,-0.008374893275534201
2022-04-25,574,1226.257568359375,1255.1052787532617,1211.9929418363483,1247.8251704716654,17063215,1204.7603881835937,1172.994474283854,-0.023125912825953998
2022-04-26,575,1262.9541015625,1271.7586153913803,1232.0360622414871,1233.0825422871724,12227666,1212.0405639648438,1178.8095296223958,0.029925632387510337
2022-04-27,576,1264.1827392578125,1286.7740721528176,1253.5808548135026,1253.9449263825297,19338945,1219.6915771484375,1184.5608846028647,0.0009728284612975369
2022-04-28,577,1283.065673828125,1297.239310503393,1267.7089550364747,1278.5610555725848,25614076,1231.4672973632812,1190.6428833007812,0.014936871058212953
2022-04-29,578,1269.5972900390625,1299.5825839676365,1263.7048672221586,1299.5825839676365,18214862,1242.3238891601563,1197.1161865234376,-0.010497033833723024
2022-05-02,579,1265.13818359375,1276.5362108883514,1254.9458650066724,1256.7432351242765,9467006,1253.0894775390625,1202.8356852213542,-0.0035122211431116712
2022-05-04,580,1225.64306640625,1269.4835388914837,1217.7486714056079,1267.2084828840266,19247660,1255.4942138671875,1206.050341796875,-0.031218026378201813
2022-05-05,581,1201.6412353515625,1242.18280014838,1197.591676403661,1239.2252151754037,17210669,1251.9656005859374,1208.6818277994792,-0.019583051307966892
2022-05-06,582,1192.42724609375,1209.8769247815503,1180.0963532492094,1188.582409796725,19649948,1244.61943359375,1210.0392781575522,-0.007667837110397424
2022-05-09,583,1145.8568115234375,1181.711782557566,1140.715158224648,1171.6331985147315,18083752,1233.6763916015625,1209.722285970052,-0.03905515805922055
2022-05-10,584,1125.9954833984375,1149.633416525882,1118.4195452683007,1135.2550569441219,19511677,1223.6501831054688,1208.1449096679687,-0.017333167569684393
2022-05-11,585,1114.4609375,1130.6821606199796,1102.0163098457965,1125.0854480941018,16643899,1208.8008666992187,1205.9221720377604,-0.010243865156212117
2022-05-12,586,1091.755859375,1107.8859741719987,1078.378486557952,1104.5416911448524,20490321,1191.5581787109375,1202.5467407226563,-0.020373148453218026
2022-05-13,587,1104.132080078125,1127.5196744148523,1099.0131741208802,1103.8591166926499,19308778,1173.6648193359374,1199.5747477213542,0.011336069870245602
2022-05-16,588,1104.4052734375,1128.8848441001169,1099.6048242868326,1107.7040627563247,13437911,1157.1456176757813,1195.8474405924478,0.0002474281513091814
2022-05-17,589,1150.793701171875,1155.6851383517537,1106.5892723531913,1107.999824091496,16551828,1145.7111694335938,1194.24580078125,0.042003084239166544
2022-05-18,590,1154.979736328125,1169.3808421611643,1141.2839062872033,1155.5712773721964,17276788,1138.6448364257812,1192.463671875,0.0036375200455018852
2022-05-19,591,1128.361572265625,1143.2177387581737,1122.0824507846328,1130.2499303127915,14699118,1131.3168701171876,1189.675203450521,-0.023046433824998158
2022-05-20,592,1194.15625,1203.2337272058603,1138.4400638194588,1143.2176453948912,21793091,1131.4897705078124,1189.6509358723958,0.05830992418703751
2022-05-23,593,1186.1708984375,1207.3971730449673,1179.8461630484092,1197.364082975496,15252755,1135.5211791992188,1189.4666544596355,-0.006687024049407242
2022-05-24,594,1190.2432861328125,1200.3217504414995,1181.9848186867473,1186.2164738705715,13527818,1141.9459594726563,1190.1188435872396,0.003433221722668245
2022-05-25,595,1188.4915771484375,1208.8306025401785,1183.7138745751004,1198.9568604081787,12714544,1149.3490234375,1190.0634847005208,-0.0014717234743381047
2022-05-26,596,1177.16162109375,1198.9111951609145,1159.3706180239299,1194.1334932703796,17882023,1157.889599609375,1189.7131184895834,-0.009533055406140578
2022-05-27,597,1171.7015380859375,1185.3746228810087,1155.7761439362052,1179.8690179099194,16521973,1164.6465454101562,1189.926220703125,-0.004638346094514412
2022-05-30,598,1212.5159912109375,1216.7020315446362,1180.392124401247,1189.8562993151577,13853398,1175.4576171875,1191.6423746744792,0.03483348941546449
2022-05-31,599,1197.887451171875,1218.8862574674567,1190.1750310186887,1201.8687694825662,70620653,1180.1669921875,1192.9892130533854,-0.012064616174218834
2022-06-01,600,1198.274169921875,1208.1479107227306,1190.4024014083636,1198.638121118035,9776989,1184.496435546875,1192.8784952799479,0.00032283396042065426
2022-06-02,601,1239.58935546875,1243.2977103658052,1198.501741229144,1198.501741229144,22126569,1195.6192138671875,1192.9672281901042,0.03447890857028879
2022-06-03,602,1264.7059326171875,1281.9281427980586,1247.642951094485,1248.5530698496407,23939791,1202.6741821289063,1192.9277954101562,0.020262014220781666
2022-06-06,603,1259.2684326171875,1280.4037178841604,1252.101940232276,1264.933385678996,11093152,1209.983935546875,1193.0605021158854,-0.004299418433775792
2022-06-07,604,1261.6346435546875,1269.9840987331656,1252.2159612910536,1260.3378265980741,12358255,1217.1230712890624,1194.2397379557292,0.0018790361738698635
2022-06-08,605,1239.4754638671875,1265.388330609935,1235.9490850298985,1261.6344822845072,12479250,1222.2214599609374,1193.4571166992187,-0.017563864309453336
2022-06-09,606,1273.4649658203125,1275.3986973973456,1233.082627965682,1233.082627965682,17278305,1231.8517944335938,1193.7665242513021,0.027422488741388307
2022-06-10,607,1235.016357421875,1269.4380277636071,1229.2149225576165,1261.2478021770742,18093057,1238.1832763671875,1192.1648803710937,-0.03019212104800273
2022-06-13,608,1211.6514892578125,1216.156107684235,1190.4479609930536,1205.7819334162448,17620803,1238.096826171875,1190.2333536783854,-0.018918671014882094
2022-06-14,609,1195.8170166015625,1215.7238471836963,1189.151077141205,1205.804612494347,14714312,1237.8897827148437,1187.9226481119792,-0.013068504265982717
2022-06-15,610,1181.34765625,1200.0031636736535,1175.9330397958033,1191.0166743810375,11195535,1236.1971313476563,1186.446134440104,-0.012099978634426467
2022-06-16,611,1164.830810546875,1209.8997420887063,1162.1006949883244,1193.4965424947006,17111475,1228.7212768554687,1185.219120279948,-0.013981359014631711
2022-06-17,612,1178.4810791015625,1194.3382305909047,1163.0562400137392,1164.830742811065,24457187,1220.0987915039063,1184.754248046875,0.01171867058382392
2022-06-20,613,1157.118408203125,1190.8120593552974,1147.1308115234453,1185.3063342518615,12066797,1209.8837890625,1185.1296346028646,-0.01812729222154652
2022-06-21,614,1175.796630859375,1180.0281654943678,1150.4069416324683,1164.830795221328,11720049,1201.2999877929688,1186.7896728515625,0.016142014960469853
2022-06-22,615,1140.078125,1164.057262227865,1137.985044485591,1163.966274425617,10617206,1191.36025390625,1187.6435791015624,-0.030378132511970857
2022-06-23,616,1121.581787109375,1148.905326422505,1112.5043100555831,1144.3779613702993,19446323,1176.1719360351562,1188.6377766927083,-0.016223745974097148
2022-06-24,617,1137.5528564453125,1142.5351607614082,1122.9696539988313,1128.429884986889,14240234,1166.4255859375,1189.7518025716147,0.014239772363903391
2022-06-27,618,1134.1856689453125,1157.9828298757552,1129.1350035879693,1157.9828298757552,15474529,1158.67900390625,1190.744482421875,-0.0029600272909708902
2022-06-28,619,1150.1337890625,1152.9776391694047,1129.3853215361614,1129.3853215361614,13572847,1154.1106811523437,1190.7224853515625,0.014061295741832014
2022-06-29,620,1173.999267578125,1181.6663139665932,1137.985067118919,1140.8061704616555,19205146,1153.3758422851563,1191.3564697265624,0.020750175973073715
2022-06-30,621,1181.0521240234375,1190.2660842003577,1167.5610145751587,1173.931124222141,23112959,1154.9979736328125,1193.1128214518228,0.006007547568459781
2022-07-01,622,1095.9874267578125,1179.3911062938287,1076.103462886294,1171.610445710058,81997149,1146.7486083984375,1189.84052734375,-0.07202450724684262
2022-07-04,623,1098.2623291015625,1111.1391472548082,1076.6037450673573,1082.4506733389208,41857728,1140.8630004882812,1186.9102416992187,0.0020756646364819
2022-07-05,624,1107.157958984375,1121.5590649917854,1099.8094906293034,1102.4941121326237,17647327,1133.9991333007813,1184.140730794271,0.008099731409425326
2022-07-06,625,1097.4207763671875,1111.1166075291421,1086.5687955560873,1101.1746251311279,23943726,1129.7333984375,1181.1050374348958,-0.008794754658241977
2022-07-07,626,1086.6142578125,1107.1580039571165,1080.6535938667357,1103.813720771296,23301033,1126.2366455078125,1178.0867919921875,-0.009847196979868134
2022-07-08,627,1088.115966796875,1100.2192721805015,1084.0890337509463,1100.2192721805015,19010108,1121.2929565429688,1175.300606282552,0.001382007436013355
2022-07-11,628,1102.9036865234375,1105.1331283386687,1078.3785026593284,1081.336087585235,13847467,1118.1647583007812,1171.6468627929687,0.013590205619437468
2022-07-12,629,1101.333740234375,1110.0927598985188,1093.8487904297283,1093.8487904297283,10778989,1113.2847534179687,1168.4284057617188,-0.0014234663536317749
2022-07-13,630,1081.8138427734375,1107.4993634434227,1079.7436294761944,1104.4507905221294,14224132,1104.0662109375,1164.5463948567708,-0.017723871291533744
2022-07-14,631,1090.73193359375,1107.4764556314449,1081.5407222618398,1086.5686402982146,16970315,1095.0341918945312,1159.5844807942708,0.008243646427604556
2022-07-15,632,1092.847900390625,1098.8540583216684,1084.33921677306,1098.8540583216684,9603210,1094.7202392578124,1153.8558797200521,0.001939951267313944
2022-07-18,633,1102.15283203125,1103.4040345430283,1088.525123257814,1101.584037969047,15160908,1095.1092895507813,1148.6186930338542,0.008514388541442042
2022-07-19,634,1108.909912109375,1113.4145306244031,1092.1653876854057,1092.1653876854057,16439888,1095.2844848632812,1143.5278686523438,0.006130801356897031
2022-07-20,635,1138.8951416015625,1156.8681226053911,1131.273708960185,1155.730654624441,23924246,1099.4319213867188,1140.1751912434895,0.02704027546759802
2022-07-21,636,1131.2962646484375,1137.5300117770723,1122.651100250388,1134.7998965175696,16523230,1103.9001220703126,1135.4362345377604,-0.0066721480104298125
2022-07-22,637,1138.9405517578125,1144.9467089844488,1135.254944336538,1137.5300002449842,10969995,1108.9825805664063,1132.2337076822917,0.006757104525356716
2022-07-25,638,1101.3111572265625,1122.7195298133436,1093.3940142099802,1122.7195298133436,23110452,1108.8233276367187,1128.5556966145834,-0.033038945248875184
2022-07-26,639,1101.8116455078125,1112.003964591019,1097.193292295004,1101.629669898458,11303288,1108.8711181640624,1125.4221842447917,0.00045444766264823855
2022-07-27,640,1100.76513671875,1104.3141424256505,1092.938861823789,1101.1063409773997,8655086,1110.7662475585937,1122.7361002604166,-0.0009498073407820939
2022-07-28,641,1118.010009765625,1122.9468197968529,1101.5840648849116,1108.409232735442,12496073,1113.4940551757813,1121.1754069010417,0.015666260196321113
2022-07-29,642,1141.829833984375,1145.3107190485075,1121.149607208918,1126.0181765545474,15130683,1118.3922485351563,1119.9536987304687,0.021305555416040844
2022-08-01,643,1171.587646484375,1177.4573222630406,1140.9880650198957,1146.2434528105707,15700044,1125.3357299804688,1120.4360066731772,0.026061512507657314
2022-08-02,644,1176.0467529296875,1186.580275301345,1165.535977507085,1170.5184018297261,13917913,1132.0494140625,1120.4443440755208,0.003806037438763621
2022-08-03,645,1185.9205322265625,1187.5813002703721,1168.220637135406,1183.0311881851292,14250977,1136.751953125,1121.9724243164062,0.00839573705065555
2022-08-04,646,1170.2454833984375,1191.1078085473182,1153.4555848310504,1187.5814291745087,14467127,1140.646875,1123.5945475260417,-0.01321762158775941
2022-08-05,647,1153.00048828125,1173.3850064214535,1149.792686697798,1172.1110567812314,13942438,1142.0528686523437,1124.1094685872397,-0.014736220187842486
2022-08-08,648,1168.0841064453125,1175.546309977684,1151.6354129424305,1151.6354129424305,10165178,1148.7301635742188,1125.2394165039063,0.01308205704799592
2022-08-10,649,1175.0687255859375,1178.4357560699364,1163.4886007618413,1172.5205854155333,10724688,1156.0558715820312,1126.0705810546874,0.005979551559759155
2022-08-11,650,1178.981689453125,1187.5358669102814,1174.0220116644236,1184.4418001629217,8198226,1163.8775268554687,1126.236661783854,0.003329987244138799
2022-08-12,651,1198.046630859375,1201.845973401522,1174.9321182963517,1178.6176057306407,12650587,1171.8811889648437,1126.8031453450521,0.016170684902742982
2022-08-16,652,1206.3734130859375,1209.1035287580976,1195.4531911057852,1204.052862906299,6607378,1178.335546875,1130.4826782226562,0.006950298938355637
2022-08-17,653,1212.67529296875,1218.0216687174445,1208.3071564277768,1212.6070521185068,6595965,1182.4443115234376,1134.2964436848958,0.0052238219231739436
2022-08-18,654,1214.87451171875,1218.3894546289891,1205.24240897424,1214.2810405952932,7410035,1186.3270874023438,1137.8869954427084,0.0018135264755134717
2022-08-19,655,1193.213623046875,1215.0569809988342,1189.1507309375147,1209.7159828214287,9460724,1187.056396484375,1141.0800903320312,-0.017829733411091286
2022-08-22,656,1189.904052734375,1201.1795211355932,1180.500282384016,1194.6517009933089,9471680,1189.0222534179688,1144.5230834960937,-0.002773661185705323
2022-08-23,657,1208.2552490234375,1211.1768414672938,1182.9424687305054,1184.1522321085429,9678484,1194.5477294921875,1148.527726236979,0.015422416830072727
2022-08-24,658,1205.0369873046875,1218.846089361482,1203.0284828486285,1205.1968562417935,10369622,1198.243017578125,1151.9321695963542,-0.0026635611319306696
2022-08-25,659,1201.5218505859375,1215.6046836675666,1197.2079256645413,1209.2366122809538,7871946,1200.888330078125,1155.2717732747396,-0.0029170363696572332
2022-08-26,660,1195.108154296875,1209.716117387308,1190.0867726380989,1201.9555917154182,10742038,1202.5009765625,1159.048250325521,-0.005337977237729663
2022-08-29,661,1185.8184814453125,1211.9985882371661,1176.8711343003506,1180.0437597555986,19838975,1201.2781616210937,1162.2178019205728,-0.007773081304953466
2022-08-30,662,1204.21533203125,1207.547826665914,1176.2092881324143,1193.2823008817281,23139054,1201.062353515625,1165.930049641927,0.015514052845183146
2022-09-01,663,1168.81396484375,1189.150886984996,1164.385933490136,1178.9710757031155,19909939,1196.676220703125,1168.1520874023438,-0.029397871166268574
2022-09-02,664,1155.1646728515625,1175.638520959865,1152.9734784565321,1168.8139049237643,12999345,1190.7052368164063,1169.6939127604167,-0.011677899479933251
2022-09-05,665,1173.1051025390625,1178.446101569222,1155.3929766209455,1155.3929766209455,11327815,1188.694384765625,1170.8342447916666,0.01553062529449889
2022-09-06,666,1185.4532470703125,1189.6302455363334,1174.1093147173583,1174.5658588505653,10899618,1188.2493041992188,1172.6394775390625,0.010526034286717945
2022-09-07,667,1178.5601806640625,1184.563114237557,1173.1963605855797,1175.478839783805,7488501,1185.2797973632812,1173.9601318359375,-0.00581470962544095
2022-09-08,668,1180.226318359375,1185.978218827882,1173.6528558204227,1181.527366464761,7057077,1182.79873046875,1176.5906372070312,0.0014137060819190417
2022-09-09,669,1172.8768310546875,1191.4561604892992,1170.4573041604863,1191.4561604892992,8314850,1179.934228515625,1178.9594767252604,-0.006227184727505497
2022-09-12,670,1186.0010986328125,1192.369291715923,1173.4474025715353,1173.4474025715353,7435419,1179.0235229492187,1181.800675455729,0.011189808879013441
2022-09-13,671,1195.906982421875,1200.4491194045427,1187.3477160754526,1195.1081207827935,8888657,1180.032373046875,1184.3972412109374,0.0083523394712548
2022-09-14,672,1181.572998046875,1191.4561336808906,1174.451706778856,1175.4787801044877,8678219,1177.7681396484375,1185.722013346354,-0.011985868956105317
2022-09-15,673,1169.8638916015625,1188.5116835520153,1167.1476896556205,1179.1307346574977,10365600,1177.8731323242187,1185.6645548502604,-0.009909761364441771
2022-09-16,674,1140.8763427734375,1165.4359048168926,1137.133067391258,1161.213264147553,20217708,1176.4442993164062,1184.492207845052,-0.02477856529825928
2022-09-19,675,1142.35986328125,1151.6038847358493,1132.7277612467549,1140.8762459554318,7580254,1173.369775390625,1183.040185546875,0.0013003341836381743
2022-09-20,676,1142.54248046875,1158.4514907194557,1138.8220264150539,1151.4898271317024,8411448,1169.0786987304687,1182.1167521158854,0.00015985959711106723
2022-09-21,677,1145.6925048828125,1156.3060391967588,1138.9591731329301,1139.7580348153278,9207309,1165.7919311523438,1181.873152669271,0.002757030454368925
2022-09-22,678,1134.896240234375,1142.6110027498532,1128.5053470017444,1134.8505978968233,10308170,1161.2589233398437,1180.7668904622396,-0.009423352777839678
2022-09-23,679,1113.62353515625,1139.3927402184245,1112.0714541784876,1134.394179751921,9528051,1155.33359375,1178.7187174479166,-0.018744184995918123
2022-09-26,680,1085.252197265625,1103.7175409409906,1084.2479451217905,1092.8756748841324,12479523,1145.2587036132813,1175.5944010416667,-0.02547659688841286
2022-09-27,681,1093.8800048828125,1107.4607728213189,1077.3776445528867,1092.8528108642224,16154822,1135.056005859375,1172.1221801757813,0.007950048513079233
2022-09-28,682,1064.7554931640625,1085.5489575446488,1062.3132660155625,1077.491757249726,16997059,1123.3742553710938,1167.4015828450522,-0.02662496031442696
2022-09-29,683,1061.4915771484375,1080.7556609643932,1055.8766040342564,1077.3320028920632,14671827,1112.5370239257813,1162.3621256510417,-0.0030654136433950763
2022-09-30,684,1085.434814453125,1096.5047707006538,1054.9636064469146,1054.9636064469146,18613024,1106.99287109375,1158.047469075521,0.022556219776145525
2022-10-03,685,1081.6688232421875,1103.3294933419215,1078.7015883112226,1091.7117072217247,11852723,1100.9237670898438,1154.3293090820312,-0.0034695692093079655
2022-10-04,686,1101.61767578125,1103.808870249341,1091.095426399377,1094.587668996287,8948850,1096.8312866210938,1151.3864298502604,0.01844266203334577
2022-10-06,687,1105.680419921875,1118.4166846220046,1103.87730611944,1108.830344904405,13352162,1092.830078125,1147.9672688802084,0.003687980167660143
2022-10-07,688,1110.359619140625,1115.6321543527151,1102.2795971833257,1102.2795971833257,7714340,1090.376416015625,1144.8113566080729,0.004231963535250571
2022-10-10,689,1098.2396240234375,1103.6262649687026,1090.1139598954956,1097.8743645838504,6329527,1088.8380249023437,1141.3686157226562,-0.0109153781425948
2022-10-11,690,1076.3734130859375,1101.9828714622417,1073.269250949044,1101.9828714622417,9215177,1087.950146484375,1137.410791015625,-0.019910236763623912
2022-10-12,691,1084.293701171875,1087.2381151547559,1069.6172735984808,1073.6801664299744,7417103,1086.9915161132812,1134.026631673177,0.007358308919234835
2022-10-13,692,1087.7401123046875,1092.8527780894253,1077.3776122421918,1082.5360411069073,7328492,1089.2899780273438,1130.1441243489583,0.003178484878301635
2022-10-14,693,1082.216552734375,1103.0556611703817,1081.48615457156,1102.4393688537991,9106089,1091.3624755859375,1127.2575439453126,-0.005078014047500079
2022-10-17,694,1099.5863037109375,1101.982888862092,1069.845609321564,1075.0496814411536,16729355,1092.7776245117188,1125.404931640625,0.016050161987150702
2022-10-18,695,1118.9873046875,1124.3511243615108,1104.7902440911478,1105.634748048647,12415820,1096.50947265625,1123.601005045573,0.01764390926941073
2022-10-19,696,1138.4569091796875,1153.9550179585947,1114.6277458530562,1120.4709308445554,19247142,1100.1933959960938,1122.0344604492188,0.01739930775856724
2022-10-20,697,1141.5155029296875,1149.9150215278255,1134.3942113183082,1134.3942113183082,8717053,1103.776904296875,1120.7996378580729,0.002686613542715266
2022-10-21,698,1128.2769775390625,1148.9106943491454,1126.177188586748,1144.7565172867282,8243452,1105.5686401367188,1119.0679931640625,-0.011597324220869898
2022-10-24,699,1132.0430908203125,1142.382770547029,1120.836206695688,1122.9816380159375,3370033,1108.9489868164062,1117.7068684895833,0.003337933287856698
2022-10-25,700,1114.5592041015625,1140.7849504711187,1112.9386597912353,1140.7849504711187,12233241,1112.7675659179688,1115.3254720052084,-0.015444541696801206
2022-10-27,701,1118.941650390625,1126.8391025996318,1110.5649536618178,1122.0686333408069,12513059,1116.2323608398438,1112.7599609375,0.003931999550077947
2022-10-28,702,1153.1790771484375,1157.2190279737692,1122.7306857391648,1125.2641978503823,17609592,1122.7762573242187,1111.813496907552,0.030598044809450275
2022-10-31,703,1163.8837890625,1169.065039404331,1155.9406944170403,1159.957944449031,12419943,1130.9429809570313,1111.61416015625,0.009282783677044382
2022-11-01,704,1154.8680419921875,1186.8912136799254,1144.8936213637878,1186.8912136799254,13963166,1136.4711547851562,1112.0805501302084,-0.007746260541677152
2022-11-02,705,1162.08056640625,1164.1576549471247,1148.0890168960855,1155.986348539346,8981896,1140.7804809570312,1112.7379069010417,0.006245323406491199
2022-11-03,706,1166.4173583984375,1168.4259835133787,1152.676841200972,1154.8680356681098,6693449,1143.5765258789063,1113.5337361653646,0.0037319202450816213
2022-11-04,707,1183.58154296875,1186.8910951526373,1164.5684922927214,1165.8465983843867,12575815,1147.7831298828125,1114.7967041015625,0.014715302757393856
2022-11-07,708,1189.904052734375,1191.5931814379082,1175.0223567357784,1182.7827614663586,11789748,1153.9458374023438,1116.6302978515625,0.005341845522334188
2022-11-09,709,1188.7171630859375,1196.9112902936065,1182.3489707407007,1191.5931131291466,11254205,1159.6132446289062,1119.133418782552,-0.0009974666828893586
2022-11-10,710,1174.337646484375,1185.3163193750859,1170.0008998356418,1182.3262632089597,5966242,1165.5910888671874,1122.1029337565103,-0.012096667776069547
2022-11-11,711,1201.407958984375,1203.3251787933696,1181.4133535308406,1186.8912796597394,12310132,1173.8377197265625,1125.6871988932292,0.023051558111111037
2022-11-14,712,1195.58740234375,1206.0640083384951,1189.2420312652064,1200.9284005914947,9043112,1178.0785522460938,1130.0482625325521,-0.00484477949151052
2022-11-15,713,1190.2237548828125,1198.9427700567662,1182.3263018305277,1197.0711926191022,7086433,1180.712548828125,1134.339335123698,-0.0044862027238016244
2022-11-16,714,1183.3990478515625,1194.1723297469184,1178.3775455967132,1191.4561277313167,9716161,1183.5656494140626,1137.6048095703125,-0.005733969771021696
2022-11-17,715,1186.45751953125,1192.825591205946,1177.7612057960014,1180.020863607493,6661451,1186.0033447265625,1141.0977661132813,0.0025844804296910606
2022-11-18,716,1185.8184814453125,1190.9997319984882,1173.6985088451027,1189.9725379072304,5303197,1187.94345703125,1143.9044596354167,-0.0005386101697008039
2022-11-21,717,1164.4771728515625,1181.4131345958851,1160.9164671915146,1181.4131345958851,6390268,1186.0330200195312,1145.8643513997397,-0.017997112481953015
2022-11-22,718,1170.9366455078125,1172.5115476255721,1157.9037056180239,1161.783907991267,6611488,1184.136279296875,1147.8835856119792,0.005547101142766131
2022-11-23,719,1167.2845458984375,1176.8025419691705,1165.0933516897298,1175.4786728280303,6413408,1181.993017578125,1150.1850830078124,-0.00311895577218968
2022-11-24,720,1177.3505859375,1184.152381470378,1163.2448083737015,1171.3704732897338,9389439,1182.2943115234375,1153.5509887695312,0.008623467238071614
2022-11-25,721,1194.9256591796875,1198.2580330465703,1178.7199717595092,1181.8698970100845,7349922,1181.6460815429687,1157.238720703125,0.014927646405503703
2022-11-28,722,1235.987548828125,1242.1502306285356,1142.154626734269,1190.9541361505962,31527484,1185.6860961914062,1162.180301920573,0.03436355168456795
2022-11-29,723,1238.110107421875,1246.9889910362924,1229.8018737736188,1234.3440108402901,11058913,1190.4747314453125,1167.3767537434896,0.0017172977153065982
2022-11-30,724,1246.85205078125,1253.288707028199,1231.7192011093234,1238.247142030381,26164986,1196.8200317382812,1172.2856119791666,0.007060715607579038
2022-12-01,725,1243.17724609375,1257.6481612150444,1239.8448724818554,1251.6224067137045,9485801,1202.4920043945312,1176.4252766927084,-0.0029472660250247085
2022-12-02,726,1242.6522216796875,1254.4526976676975,1232.8147284105949,1246.235748845341,11589592,1208.1753784179687,1179.8984537760416,-0.0004223246650565393
2022-12-05,727,1224.5294189453125,1240.1872774344642,1222.4980932976318,1238.0189040182454,14828536,1214.1806030273438,1182.6655843098958,-0.014583970010433434
2022-12-06,728,1228.067138671875,1231.1713003979203,1214.737403586102,1216.6091015367565,8594245,1219.89365234375,1185.991923014323,0.002889044290670828
2022-12-07,729,1209.9443359375,1230.258436618436,1206.132596960368,1225.693478313524,8462111,1224.1596313476562,1188.5886311848958,-0.014757175860901528
2022-12-08,730,1209.37353515625,1216.5634100007333,1205.1966579940977,1214.2809311328976,7757008,1227.3619262695313,1191.7491088867187,-0.0004717578852978521
2022-12-09,731,1191.04541015625,1214.2811038799705,1187.7357368415526,1207.8900896926802,12655763,1226.9739013671874,1194.152567545573,-0.015155057116105985
2022-12-12,732,1192.8712158203125,1197.3905313761602,1180.0436672450348,1180.2719996623723,9479842,1222.6622680664063,1195.4756388346354,0.0015329437891229425
2022-12-13,733,1198.3037109375,1201.9555809304147,1189.9497141999723,1192.8713067918438,8333348,1218.6816284179688,1196.6229695638021,0.004554133795115156
2022-12-14,734,1193.9669189453125,1204.6717371538757,1191.9126515922892,1204.0782660411908,7268947,1213.393115234375,1197.9262654622396,-0.003619109206291826
2022-12-15,735,1177.008056640625,1193.7386297598832,1173.6528618480468,1188.0324923462415,8688551,1206.7761962890625,1198.423848470052,-0.01420379579667752
2022-12-16,736,1171.187744140625,1195.4734533972091,1167.78690686101,1173.6529134607251,15837349,1199.6297485351563,1198.582861328125,-0.004945006507952154
2022-12-19,737,1186.5716552734375,1188.7172073020977,1171.6898388274747,1178.2177795852808,7729933,1195.8339721679688,1198.6825317382813,0.0131353074771976
2022-12-20,738,1196.843017578125,1198.7602374146065,1171.3704856304953,1179.541792973625,7467588,1192.7115600585937,1198.9138305664062,0.00865633546784883
2022-12-21,739,1179.8155517578125,1201.9555872542346,1175.9809916475376,1196.477661489117,8527550,1189.698681640625,1198.6171101888021,-0.014226983464187715
2022-12-22,740,1176.7569580078125,1189.013856887232,1171.7126347696108,1185.9781586267084,7451122,1186.4370239257812,1198.69775390625,-0.0025924338303924266
2022-12-23,741,1142.245849609375,1182.554553491853,1137.703712598857,1170.137785137051,10257115,1181.5570678710938,1196.72568359375,-0.02932730345343615
2022-12-26,742,1152.22021484375,1160.414342154975,1137.7721216907048,1147.9748739735228,5990242,1177.4919677734374,1195.2801106770833,0.008732240294666793
2022-12-27,743,1161.64697265625,1163.518549950611,1148.2031310835503,1154.9364624540497,5763271,1173.8262939453125,1194.3275512695313,0.008181385546840447
2022-12-28,744,1161.5328369140625,1163.9750640999512,1151.0562304776126,1158.5884232916014,7459393,1170.5828857421875,1193.5986775716146,-9.825338065183598e-05
2022-12-29,745,1161.0078125,1163.5641454874342,1152.882148696241,1153.566904464591,6930648,1168.982861328125,1192.7503540039063,-0.0004520099625056062
2022-12-30,746,1162.7880859375,1176.3916749175478,1160.0035413220228,1161.829476176333,7289476,1168.1428955078125,1191.9826741536458,0.001533386268664838
2023-01-02,747,1175.8896484375,1177.3048023328713,1163.244668797144,1164.066351583663,5316175,1167.0746948242188,1192.3630900065104,0.011267369057567311
2023-01-03,748,1167.2845458984375,1174.5657054277967,1163.0620263922654,1170.9365362462836,7658932,1164.11884765625,1192.2413533528645,-0.007317950753709557
2023-01-04,749,1149.7095947265625,1169.1107276232437,1147.6325061253483,1167.2618507099899,9264891,1161.108251953125,1191.6555216471354,-0.01505626989891129
2023-01-05,750,1147.6553955078125,1157.858149023016,1143.0676158255733,1151.969321148222,13637099,1158.198095703125,1190.665681966146,-0.0017867113818760272
2023-01-06,751,1158.086181640625,1163.1305046928026,1149.595379440652,1153.4071180013361,6349597,1159.78212890625,1189.4376993815104,0.009088778890981475
2023-01-09,752,1185.4302978515625,1187.8041821914996,1161.0306065888913,1161.9207528429104,10722753,1163.1031372070313,1187.7524576822916,0.02361146920188606
2023-01-10,753,1167.90087890625,1189.6301316742909,1162.2403842296717,1189.6301316742909,8047142,1163.7285278320312,1185.4121500651042,-0.014787388998815265
2023-01-11,754,1153.1790771484375,1167.7184566325625,1150.873655990327,1165.2077656913489,11509553,1162.8931518554687,1182.2897176106771,-0.012605352066863418
2023-01-12,755,1128.2769775390625,1156.077627831873,1125.2641003718309,1152.5855061360771,17688773,1159.620068359375,1178.4597086588542,-0.021594304044218804
2023-01-13,756,1126.451171875,1128.8705782042637,1111.3867843100481,1122.2513519945564,20618583,1155.986376953125,1174.5863403320313,-0.001618224691639858
2023-01-16,757,1115.723388671875,1131.951774613395,1107.917221092014,1128.7791493112115,13623855,1149.9697509765624,1170.95947265625,-0.009523522608857027
2023-01-17,758,1131.56396484375,1133.4811846812154,1118.690771838856,1122.0687880986452,10751000,1146.3976928710938,1167.7427001953124,0.014197583677735048
2023-01-18,759,1129.692138671875,1137.178689301756,1123.1414974309203,1129.1444306357287,13448286,1144.395947265625,1165.067626953125,-0.0016541938679829338
2023-01-19,760,1128.4825439453125,1132.6366004638107,1121.4524163802744,1128.8705038207283,11940054,1142.478662109375,1162.3712605794271,-0.0010707295245805382
2023-01-20,761,1115.0615234375,1129.8291140692525,1112.596474928504,1129.8291140692525,14930286,1138.1761962890625,1159.8384643554687,-0.011892980161563704
2023-01-23,762,1109.4237060546875,1125.811961602633,1107.004299933337,1117.960272105855,10954118,1130.575537109375,1157.0568806966146,-0.005056059476819086
2023-01-24,763,1102.873046875,1115.51790607312,1089.8171651533376,1113.851719292168,16488755,1124.07275390625,1153.875858561198,-0.005904560308146678
2023-01-25,764,1087.6259765625,1102.302402806859,1086.461976225218,1101.2753294802073,12385018,1117.5174438476563,1150.331160481771,-0.01382486439006081
2023-01-27,765,1066.992431640625,1089.817223588686,1055.260418546103,1088.4706538388855,25830975,1111.3889892578125,1146.663972981771,-0.018971177009847073
2023-01-30,766,1077.218017578125,1082.764407064242,1050.3987961919847,1064.4132886312711,21772103,1106.465673828125,1143.531648763021,0.009583559952507814
2023-01-31,767,1074.5244140625,1089.9540573273835,1068.6584086670991,1087.3747826880974,22691594,1102.3457763671875,1139.7967407226563,-0.0025005184388587898
2023-02-01,768,1068.1563720703125,1086.4390237052419,1052.2245419941687,1086.4390237052419,19347800,1096.0050170898437,1135.507185872396,-0.005926381856798946
2023-02-02,769,1062.2447509765625,1071.85391093282,1054.9635914721293,1058.1590377354637,13662663,1089.2602783203124,1131.5881591796874,-0.005534415417371874
2023-02-03,770,1063.1806640625,1072.3105805967245,1046.7467660021255,1072.3105805967245,24699575,1082.7300903320313,1127.8022827148438,0.0008810710385502851
2023-02-06,771,1055.169189453125,1059.528757546533,1052.5900349184292,1056.7897340697052,14837879,1076.7408569335937,1124.899727376302,-0.0075353840416571005
2023-02-07,772,1052.6356201171875,1062.4502927137798,1046.7467924098464,1055.4202857843334,15135435,1071.0620483398438,1121.5802408854167,-0.002401102459455462
2023-02-08,773,1073.6573486328125,1077.28651848918,1053.1378561171298,1055.876758827137,21160332,1068.140478515625,1118.6472534179688,0.019970565420619923
2023-02-09,774,1075.52880859375,1082.284961068636,1065.463103759131,1074.341987106508,13172763,1066.93076171875,1115.7804524739583,0.0017430700430827173
2023-02-10,775,1066.6728515625,1075.0039060071294,1059.6655455942528,1075.0039060071294,10790445,1066.8988037109375,1112.6359537760416,-0.008234049111923936
2023-02-13,776,1060.6014404296875,1072.7670546240697,1056.127767130611,1068.293381324993,10352493,1065.2371459960937,1109.2297322591146,-0.005691914933354525
2023-02-14,777,1085.5947265625,1087.329376978281,1060.738487756277,1063.6144381671827,14321920,1066.3441772460938,1106.219901529948,0.023565201007728964
2023-02-15,778,1110.1768798828125,1112.5735854842064,1083.2664969637603,1084.6358877756606,33503591,1070.5462280273437,1104.3163126627603,0.0226439505635323
2023-02-16,779,1109.3094482421875,1124.7162706791198,1107.0269694456317,1118.1655094417106,17264487,1075.2526977539062,1102.9696411132813,-0.0007813454381400131
2023-02-17,780,1113.94287109375,1117.2753650050747,1100.4305676175113,1104.7216712307097,11809520,1080.3289184570312,1101.8458902994792,0.004176853319787899
2023-02-20,781,1102.16552734375,1118.3026298698114,1100.2025445254703,1116.13425652598,8836937,1085.0285522460938,1099.9818684895833,-0.010572664052723058
2023-02-21,782,1111.1585693359375,1116.9559918914763,1101.2296696771075,1106.5479683974272,13311592,1090.8808471679688,1097.5061442057292,0.008159429567590415
2023-02-22,783,1085.959716796875,1109.2866925279875,1084.2022454513722,1107.4379365148654,11024335,1092.111083984375,1094.7747721354167,-0.022677998653353404
2023-02-23,784,1080.7557373046875,1093.1953270218976,1077.9483712962124,1085.5490279902117,9851910,1092.6337768554688,1092.3606608072917,-0.0047920557380682904
2023-02-24,785,1088.1510009765625,1093.8344379808216,1080.9840672539892,1082.8100022510873,9434053,1094.781591796875,1091.0231282552083,0.006842678152528814
2023-02-27,786,1080.91552734375,1090.8672478016565,1073.543202799622,1087.3750050988056,11199715,1096.8130004882812,1089.5052734375,-0.006649328655966902
2023-02-28,787,1060.2362060546875,1080.5274845520237,1056.1734344203933,1075.5516247048565,21994038,1094.2771484375,1087.6557006835938,-0.01913130190652368
2023-03-01,788,1069.982421875,1070.712820002187,1060.5557097259696,1070.0280642112666,11551145,1090.2577026367187,1085.6029825846354,0.009192494808849982
2023-03-02,789,1061.8338623046875,1073.5202315216086,1059.8024162422653,1066.8325430044117,9333535,1085.5101440429687,1083.3410400390626,-0.007615601344210132
2023-03-03,790,1088.9271240234375,1092.6019362119685,1068.9098180563456,1072.3791189632545,14643807,1083.0085693359374,1082.0225260416667,0.025515537487140083
2023-03-06,791,1099.5633544921875,1106.8216933590497,1095.5918675399987,1095.5918675399987,10171916,1082.7483520507812,1081.5059204101562,0.009767623777659828
2023-03-08,792,1103.5120849609375,1104.265304210858,1088.7443751303776,1099.5632986303585,15782657,1081.9837036132812,1081.3088663736978,0.0035911804923451918
2023-03-09,793,1076.9896240234375,1103.3066574341256,1075.095225544964,1102.8958764013148,16235128,1081.0866943359374,1080.4460856119792,-0.024034590376451392
2023-03-10,794,1060.3046875,1070.0280749321848,1056.8124450060086,1068.8868957671646,13334091,1079.0415893554687,1079.5353759765626,-0.015492198022396542
2023-03-13,795,1042.8665771484375,1070.0281154160118,1038.5298305140532,1063.1806779260546,12771592,1074.5131469726562,1078.731180826823,-0.016446320154142047
2023-03-14,796,1038.9635009765625,1052.2018311560978,1035.8136967949142,1040.812257084253,16027522,1070.3179443359375,1077.4560302734376,-0.0037426419231378905
2023-03-15,797,1021.205810546875,1049.1662111592916,1016.800600298463,1042.6840329673732,21728555,1066.4149047851563,1075.6787434895834,-0.017091736536458013
2023-03-16,798,1016.1157836914062,1028.9433330363881,1005.2968594074098,1023.921951504309,18363159,1061.0282409667968,1073.9440572102865,-0.004984330095755052
2023-03-17,799,1014.8377075195312,1028.007574780085,1010.0901194945558,1024.7208434439497,34014213,1056.3286254882812,1072.3638224283854,-0.0012578056481240552
2023-03-20,800,1004.8632202148438,1013.4225471579439,995.1626537042278,1011.1400680229121,19524589,1047.9222351074218,1070.4199076334635,-0.009828652631628354
2023-03-21,801,1036.1102294921875,1038.0732119172073,1012.0528577510236,1012.9430039303461,21400360,1041.576922607422,1069.784608968099,0.031095783633779517
2023-03-22,802,1039.26025390625,1046.0392280531037,1036.2473765076484,1043.0948141638403,10920094,1035.1517395019532,1069.3387634277344,0.003040240627299351
2023-03-23,803,1026.1131591796875,1036.2016854580306,1023.9447859117854,1035.3343603002547,16249370,1030.0640930175782,1067.7539571126301,-0.01265043541995059
2023-03-24,804,1005.7989501953125,1027.117362031003,1003.3795441878093,1024.9489888672188,12375945,1024.6135192871093,1065.429628499349,-0.019797240492086643
2023-03-27,805,1021.4338989257812,1028.9432703448797,1004.3838307288752,1012.2812223607901,14054323,1022.4702514648437,1063.9216634114584,0.015544805179437349
2023-03-28,806,1026.2044677734375,1030.0846702786253,1021.1829653124684,1024.8349561252708,12576424,1021.1943481445312,1062.77509765625,0.004670462623840299
2023-03-29,807,1020.1329956054688,1024.743595933455,1009.3596536883372,1022.0958575091914,18804065,1021.0870666503906,1060.5930399576823,-0.005916435134161957
2023-03-31,808,1064.116455078125,1069.7770709600845,1029.2629756900762,1029.3999027039445,28171201,1025.8871337890625,1059.0576924641928,0.04311541697222654
2023-04-03,809,1064.299072265625,1072.3106311531849,1056.7896998650788,1070.4846960590223,10293043,1030.833270263672,1057.5573465983073,0.00017161391183129204
2023-04-05,810,1061.74267578125,1071.8540232011114,1053.8453439607506,1071.8540232011114,16262928,1036.5212158203126,1055.8173400878907,-0.0024019531267025496
2023-04-06,811,1068.8638916015625,1074.592970502133,1058.2275373074351,1058.2275373074351,18435046,1039.79658203125,1054.7072855631511,0.006707101431213225
2023-04-10,812,1061.2861328125,1072.9496819536614,1059.779694186431,1072.7671126043012,12961408,1041.999169921875,1053.0448710123699,-0.0070895451222589
2023-04-11,813,1066.535888671875,1068.6586196822263,1060.9210357303307,1065.4631729553812,10542367,1046.0414428710938,1052.3974100748699,0.004946597997528501
2023-04-12,814,1071.23779296875,1080.8925957399235,1063.6599579243734,1066.5357872569193,18179087,1052.5853271484375,1052.080145263672,0.00440857578897802
2023-04-13,815,1075.27783203125,1079.9797173840186,1069.1151503508545,1074.1365320735108,12378208,1057.9697204589843,1051.6510396321614,0.003771374655578308
2023-04-17,816,1080.73291015625,1106.9814803229494,1072.333391852291,1106.9814803229494,17929479,1063.4225646972657,1051.644952392578,0.005073180123777998
2023-04-18,817,1068.3619384765625,1085.0925121063174,1061.8111761257844,1085.0925121063174,10405576,1068.245458984375,1051.915810139974,-0.011446835349817275
2023-04-19,818,1073.6800537109375,1076.3733137885806,1064.64142217666,1067.768405195298,12273475,1069.2018188476563,1052.0390645345053,0.004977821693983531
2023-04-20,819,1070.9637451171875,1076.875393044396,1064.5956738732273,1074.638556551585,7007330,1069.8682861328125,1052.3433939615886,-0.0025299050535229073
2023-04-21,820,1072.310546875,1077.7884724738815,1066.5586465106753,1073.0637661728558,7647317,1070.9250732421874,1051.7895080566407,0.0012575605513753807
2023-04-24,821,1076.4190673828125,1086.8727319946267,1071.8539885727766,1084.1794719407253,12936186,1071.6805908203125,1051.0180318196615,0.003831465166304504
2023-04-25,822,1084.6588134765625,1086.7359021827194,1072.995384428631,1080.0710338352167,9236126,1074.0178588867188,1050.389589436849,0.007654775303993722
2023-04-26,823,1078.290771484375,1089.2467445727555,1074.6159592843226,1086.005534613959,8617834,1075.1933471679688,1050.4329610188802,-0.005871009310085773
2023-04-27,824,1085.1153564453125,1088.2879820525134,1079.158065119624,1084.1795677314856,9167125,1076.581103515625,1051.2599833170573,0.006329076665974487
2023-04-28,825,1104.9500732421875,1106.5022750107378,1087.2608896802224,1087.374995527852,15565210,1079.5483276367188,1053.329433186849,0.018278901573977047
2023-05-02,826,1114.3311767578125,1116.4995501680314,1108.4195276994035,1112.1171610071847,12981805,1082.908154296875,1055.841689046224,0.008490070042801667
2023-05-03,827,1104.7674560546875,1116.1342091904096,1101.549188303151,1116.1342091904096,7061872,1086.5487060546875,1058.6270772298178,-0.008582476109975645
2023-05-04,828,1117.503662109375,1119.717677582049,1102.2567073883076,1105.2467632974385,8635233,1090.9310668945313,1062.0066731770833,0.011528404448272411
2023-05-05,829,1114.650634765625,1123.5979821409157,1112.0258380416835,1114.3083172243437,8746585,1095.299755859375,1065.3337707519531,-0.0025530362364671877
2023-05-08,830,1128.4139404296875,1133.7777597410543,1115.7461404298203,1118.4165791288924,9153782,1100.9100952148438,1069.452128092448,0.01234764080761197
2023-05-09,831,1131.90625,1135.2159233997013,1124.4653410768628,1129.8291612797643,6464721,1106.4588134765625,1072.6453287760417,0.0030948833980042334
2023-05-10,832,1139.6895751953125,1141.173192717246,1132.659447469911,1136.6766978121202,10872255,1111.9618896484376,1075.9929728190104,0.006876298452555218
2023-05-11,833,1132.2486572265625,1145.578272899187,1130.536707274967,1140.7622816578707,10557860,1117.3576782226562,1079.5308227539062,-0.006528898860441723
2023-05-12,834,1134.097412109375,1135.4897449397138,1121.3839680276494,1127.4553650769165,6955341,1122.2558837890624,1083.8074381510417,0.001632817023904387
2023-05-15,835,1136.334228515625,1143.318592964205,1128.9846046154787,1136.6310244600713,6833343,1125.3942993164062,1087.6374491373697,0.0019723318141513513
2023-05-16,836,1120.1513671875,1141.058816015231,1118.4850597805391,1138.5024831085086,8717229,1125.976318359375,1090.7690124511719,-0.01424128651766865
2023-05-17,837,1113.5322265625,1125.2641183192468,1108.830341392445,1124.3511508366894,8798967,1126.8527954101562,1093.8823201497396,-0.005909148369491746
2023-05-18,838,1111.1356201171875,1121.6122266625744,1107.9856952056505,1118.2112689036005,10525531,1126.2159912109375,1095.4496256510417,-0.002152256026492272
2023-05-19,839,1114.7418212890625,1116.5678769225615,1104.1967514891073,1111.1355938507186,8050447,1126.2251098632812,1097.1310506184896,0.0032455094648973226
2023-05-22,840,1120.6990966796875,1125.720598669704,1110.3595382742935,1111.5691808774143,7434906,1125.4536254882812,1099.0962646484375,0.005344085309131108
2023-05-23,841,1120.49365234375,1126.6335119735163,1119.0784985578177,1123.2783175836105,6092034,1124.3123657226563,1100.817256673177,-0.00018331801689330796
2023-05-24,842,1113.9659423828125,1124.8078096781505,1110.8617801773491,1116.5452176617491,8112254,1121.7400024414062,1102.5732503255208,-0.0058257447039378185
2023-05-25,843,1113.8289794921875,1117.9603357408223,1102.9187697829475,1111.0672556833676,11487863,1119.8980346679687,1104.1496866861978,-0.00012295069841361528
2023-05-26,844,1144.2088623046875,1145.3500415058625,1118.7591533794464,1122.0687058844728,12626260,1120.9091796875,1106.5820556640624,0.027275177223661906
2023-05-29,845,1150.645263671875,1154.9363674405995,1144.5282250956022,1150.8278330032474,10010304,1122.340283203125,1109.0943033854167,0.005625197967985551
2023-05-30,846,1150.3486328125,1158.451475420254,1147.7921790871794,1150.645307987406,11342504,1125.360009765625,1111.4148274739584,-0.00025779522911206776
2023-05-31,847,1127.5009765625,1145.7381091276332,1123.4382047768395,1141.2416143873527,27107927,1126.756884765625,1113.3861287434895,-0.019861505980269256
2023-06-01,848,1124.46533203125,1134.34858906371,1122.068746948841,1132.1802156805027,14592692,1128.0898559570312,1115.0789713541667,-0.0026923653232701072
2023-06-02,849,1120.7904052734375,1133.412563645759,1118.8731857024297,1128.003101699598,15800644,1128.6947143554687,1116.7398600260417,-0.003268154787105848
2023-06-05,850,1130.856201171875,1133.8234358683376,1122.2739934203582,1126.2684221252366,10908682,1129.7104248046876,1118.6913818359376,0.008980979718488769
2023-06-06,851,1131.81494140625,1135.626680467698,1123.8947880782737,1133.6866395560062,7493309,1130.8425537109374,1120.537910970052,0.0008478003068661533
2023-06-07,852,1140.3970947265625,1141.241598708449,1128.7335456658939,1135.3071289198083,10312545,1133.4856689453125,1122.3958536783855,0.007582647132798437
2023-06-08,853,1141.0816650390625,1148.9334747780272,1137.1329993758209,1143.9804362633743,12071109,1136.2109375,1124.4888834635417,0.0006002911754734441
2023-06-09,854,1133.001953125,1145.1447480583759,1131.1987183736474,1144.437171009834,5877018,1135.0902465820313,1126.0851033528645,-0.007080748172205498
2023-06-12,855,1134.006103515625,1136.311403822295,1125.2641468372988,1130.0574375493186,6391969,1133.4263305664062,1127.0536376953125,0.0008862741920747652
2023-06-13,856,1150.759521484375,1151.946463788879,1134.9647365494955,1138.9591656822827,11248016,1133.4674194335937,1128.2679158528647,0.014773657669752804
2023-06-14,857,1164.910888671875,1166.3488637759137,1149.0019986007082,1150.827933567815,13277380,1137.2084106445313,1130.2726969401042,0.012297414814561813
2023-06-15,858,1165.23046875,1169.7954267696327,1157.4471223513988,1164.888030487722,11813494,1141.2849243164062,1131.8635904947917,0.00027433864790227247
2023-06-16,859,1176.574462890625,1178.856942021871,1168.72265257123,1168.72265257123,24171579,1146.863330078125,1133.9277180989584,0.009735408097244713
2023-06-19,860,1164.8880615234375,1179.5873088461865,1160.7111839901809,1179.5873088461865,6798554,1150.2665161132813,1135.1435221354166,-0.009932564181680537
2023-06-20,861,1167.3074951171875,1170.457299404325,1157.2189687814275,1162.9480481347903,6921096,1153.815771484375,1136.3235636393229,0.0020769665976194673
2023-06-21,862,1170.59423828125,1173.127750027222,1163.1533304634168,1167.2617442064677,6961603,1156.8354858398438,1137.3537190755208,0.002815661835301242
2023-06-22,863,1157.4471435546875,1174.702723824018,1155.8494202932393,1166.8053921892115,7619166,1158.4720336914063,1138.1936686197917,-0.011231128854577332
2023-06-23,864,1147.974853515625,1156.4884770186727,1146.7194478373872,1154.434209748897,6628570,1159.9693237304687,1138.65625,-0.008183777628040678
2023-06-26,865,1139.210205078125,1148.2716583591261,1136.0832218598148,1144.437098137329,12641159,1160.4897338867188,1138.7521158854167,-0.007634878421472924
2023-06-27,866,1139.62109375,1145.578264166708,1135.1474200849475,1139.666736088607,9689466,1159.3758911132813,1139.4011067708334,0.00036067853855548115
2023-06-28,867,1154.708251953125,1158.519990797568,1140.2600374666351,1147.1760589375283,11354006,1158.3556274414063,1140.7736409505208,0.01323874951584103
2023-06-30,868,1164.1805419921875,1167.1021346662303,1156.511421596289,1162.423070452648,11151555,1158.250634765625,1142.5418050130208,0.00820318900730177
2023-07-03,869,1194.0582275390625,1196.9341777415286,1166.5086096788432,1167.741194264735,12154387,1159.9990112304688,1145.185685221354,0.025664134100495506
2023-07-04,870,1181.755615234375,1198.3036177471888,1174.6798459927943,1198.3036177471888,8061643,1161.6857666015626,1147.2209025065104,-0.010303192943984851
2023-07-05,871,1179.8155517578125,1190.9997357239995,1175.8440646341217,1190.9997357239995,10248062,1162.936572265625,1149.1982991536458,-0.0016416790845353857
2023-07-06,872,1204.5804443359375,1207.1824197013011,1175.958111582341,1175.958111582341,19117987,1166.3351928710938,1152.2187825520834,0.02099047816519084
2023-07-07,873,1202.2296142578125,1216.5407819731026,1199.6731602419495,1202.8687277617782,13375267,1170.8134399414062,1155.1654703776042,-0.001951575828064378
2023-07-10,874,1248.5411376953125,1258.1047776229054,1221.128565671655,1227.4738168988026,33240016,1180.870068359375,1158.643212890625,0.03852136304768217
2023-07-11,875,1262.076171875,1264.4955779542368,1249.705166712445,1256.6895309307056,20069348,1193.1566650390625,1162.357576497396,0.010840679390565988
2023-07-12,876,1263.4683837890625,1279.1034182559108,1260.6837185366455,1262.8064492251153,18733835,1205.5413940429687,1166.1282348632812,0.0011031124309985874
2023-07-13,877,1252.170166015625,1277.7339788902639,1249.545369524751,1270.8408996155135,14682934,1215.2875854492188,1170.2838745117188,-0.008942224370945384
2023-07-14,878,1251.1202392578125,1260.3414396091937,1243.9988277461352,1255.365580017741,15124144,1223.9815551757813,1174.505704752604,-0.0008384856837416743
2023-07-17,879,1276.6842041015625,1285.060901535764,1245.3228457945552,1253.9963391795925,22220040,1232.2441528320312,1179.7021647135416,0.020432860121354146
2023-07-18,880,1287.52587890625,1295.286283587151,1274.995004828538,1285.9509768018002,25867313,1242.8211791992187,1184.9244873046875,0.008492056821770566
2023-07-19,881,1297.294921875,1303.7543992835303,1276.8210735612868,1291.8854597114334,39122156,1254.5691162109374,1190.4404866536458,0.007587453680580669
2023-07-20,882,1295.723876953125,1301.213635792283,1276.014839753512,1276.014839753512,38717624,1263.6834594726563,1195.618046061198,-0.0012110160113818491
2023-07-21,883,1255.6134033203125,1293.2755748788927,1248.1205739980844,1290.3576048302098,30249238,1269.0218383789063,1199.435770670573,-0.030956034959494394
2023-07-24,884,1230.216796875,1243.8424839995957,1221.2649818512405,1227.0515368964086,23727866,1267.189404296875,1202.6762654622396,-0.020226453762084984
2023-07-25,885,1229.425537109375,1239.0203294862108,1226.5569523456327,1233.4810641733905,12026020,1263.9243408203124,1205.856913248698,-0.000643187255803146
2023-07-26,886,1249.4063720703125,1259.6936470475673,1229.029726310642,1229.029726310642,12911012,1262.5181396484375,1209.1451416015625,0.016252171732105358
2023-07-27,887,1237.7838134765625,1255.06933898356,1231.6758304667376,1253.2889256301971,17226898,1261.0795043945313,1211.574239095052,-0.009302464637258923
2023-07-28,888,1250.2225341796875,1257.6412248805652,1236.7204929547063,1242.4081558253793,20827852,1260.9897338867188,1214.4073079427083,0.010049186754339967
2023-07-31,889,1260.8065185546875,1263.1062644351005,1245.3261593927457,1250.222567835286,8551174,1259.4019653320313,1217.2150431315104,0.008465680377409468
2023-08-01,890,1242.9769287109375,1265.6286894674379,1239.0697997346808,1263.6503718598296,9536632,1254.9470703125,1219.8180053710937,-0.014141416292952513
2023-08-02,891,1229.697509765625,1242.383422770223,1218.4458286875906,1240.9985763343113,12748214,1248.1873291015625,1221.8976725260416,-0.010683560280627447
2023-08-03,892,1224.5291748046875,1236.8936606795558,1215.7010043381908,1224.23249959185,10168350,1241.0678588867188,1223.6955037434896,-0.004202931956756251
2023-08-04,893,1241.171630859375,1244.3616435147105,1222.4023686926273,1235.8549028515122,22885610,1239.623681640625,1226.4863199869792,0.01359090203574942
2023-08-07,894,1248.244140625,1250.494380069662,1238.9212715800145,1246.8345411789287,5982870,1241.426416015625,1229.8286295572916,0.00569825283609493
2023-08-08,895,1240.7264404296875,1253.486611833248,1236.2258407843067,1250.2965991690858,9844072,1242.5565063476563,1233.2125040690105,-0.006022620055359029
2023-08-09,896,1248.911865234375,1250.7912910864598,1227.1009863432985,1238.8472469851743,11486586,1242.5070556640626,1236.8555297851562,0.006597284089354005
2023-08-10,897,1254.4759521484375,1261.1775274732204,1240.627728317359,1248.7882887892447,15470598,1244.17626953125,1240.1811197916666,0.00445514777219147
2023-08-11,898,1259.767822265625,1265.5544976220099,1242.5565564009414,1252.4975295128647,22179330,1245.1307983398438,1243.367362467448,0.004218391040597069
2023-08-14,899,1274.6546630859375,1277.1523130180672,1248.8128913733601,1255.737002454242,9575812,1246.5156127929688,1246.0539103190104,0.011817130551516453
2023-08-16,900,1273.6160888671875,1277.3996937112483,1261.672044700447,1261.672044700447,10203112,1249.5795288085938,1249.1159261067708,-0.0008147887022478262
2023-08-17,901,1255.2425537109375,1275.0752365265755,1252.695518025622,1269.6348629683328,13673744,1252.134033203125,1251.6301595052084,-0.014426274382724147
2023-08-18,902,1264.54052734375,1274.8278021449016,1240.6770733077956,1251.9040005908723,18639978,1256.1351684570313,1253.6288289388021,0.007407312320096615
2023-08-21,903,1250.74267578125,1268.3374245054665,1248.5836072167706,1260.6443643964944,9221746,1257.0922729492188,1255.2459309895833,-0.010911355756610841
2023-08-22,904,1250.44482421875,1259.6517042081298,1240.319812990251,1249.204008079304,7713044,1257.3123413085937,1255.3093872070312,-0.0002381397614932279
2023-08-23,905,1251.8345947265625,1262.0838090060652,1249.2288807667073,1252.8272476636503,9517952,1258.4231567382812,1254.9680013020834,0.0011114208967042405
2023-08-24,906,1230.7904052734375,1260.6195534341234,1226.4227081001463,1260.6195534341234,14140020,1256.6110107421875,1253.8787353515625,-0.016810678936159063
2023-08-25,907,1225.1075439453125,1243.2978613921046,1212.3271367872899,1218.9778633049934,22222400,1253.674169921875,1252.9766479492187,-0.004617245392697478
2023-08-28,908,1212.8978271484375,1232.8749678308823,1206.6193456890517,1226.9190501118926,12580826,1248.9871704101563,1251.702567545573,-0.009966240806545956
2023-08-29,909,1201.2838134765625,1217.7121468384466,1195.2285336373561,1217.0173382536789,16876644,1241.6500854492188,1249.1892211914062,-0.009575426232875661
2023-08-30,910,1200.1422119140625,1212.5255327642963,1198.628391987628,1207.0659417448908,12168946,1234.3026977539062,1246.2764322916667,-0.0009503179429315445
2023-08-31,911,1194.65771484375,1203.5915905675504,1191.133748727762,1202.5989377093504,21638600,1228.2442138671875,1242.8551920572916,-0.004569872649979989
2023-09-01,912,1197.4619140625,1203.9141576589248,1192.0023233270636,1194.4343955405523,18112842,1221.5363525390626,1239.5797932942708,0.002347282559604702
2023-09-04,913,1196.494140625,1202.921543874001,1193.8140262826475,1197.4619529612135,9347626,1216.1114990234375,1237.609151204427,-0.0008081872384706479
2023-09-05,914,1202.8968505859375,1208.033756715794,1197.3627378820318,1201.1100268699734,8675876,1211.3567016601562,1236.698486328125,0.005351225504199197
2023-09-06,915,1205.4281005859375,1209.125708635972,1199.745186611218,1201.6560920331103,8200370,1206.7160522460938,1235.8985717773437,0.002104295142818735
2023-09-07,916,1207.06591796875,1210.1679582595825,1196.6430625915527,1201.9537313347682,13652572,1204.343603515625,1234.4872233072917,0.0013587018437817289
2023-09-08,917,1215.1064453125,1218.9778160313297,1202.5742018862823,1211.0365924741222,23109288,1203.3434936523438,1233.7313110351563,0.0066612164456441025
2023-09-11,918,1228.20947265625,1229.326207160582,1216.9924464989115,1216.9924464989115,13271074,1204.874658203125,1232.9975423177084,0.010783439915323711
2023-09-12,919,1210.4659423828125,1232.3787090583842,1209.0265228175713,1232.3787090583842,16255666,1205.79287109375,1231.3195231119792,-0.01444666457022481
2023-09-13,920,1216.52099609375,1222.2783103355039,1204.2120756300537,1211.0365644667,12803338,1207.4307495117187,1230.4376586914063,0.00500225037229729
2023-09-14,921,1217.6376953125,1223.8417758931353,1213.5181615722684,1220.9630582690309,9209636,1209.7287475585938,1230.035664876302,0.0009179448791560851
2023-09-15,922,1219.8961181640625,1224.9337835939812,1215.7517434819517,1224.9337835939812,25468592,1211.97216796875,1229.881229654948,0.0018547576674545763
2023-09-18,923,1209.274658203125,1216.4962329024152,1207.0908701058952,1211.061482045193,7516300,1213.2502197265626,1228.817997233073,-0.008706856102569382
2023-09-20,924,1182.323974609375,1204.8821081322808,1168.8487603007638,1202.623798606989,57081884,1211.1929321289062,1226.6206583658854,-0.022286652094236636
2023-09-21,925,1173.712890625,1186.2699748730859,1171.3304992731428,1178.750555955457,12226182,1208.0214111328125,1224.386873372396,-0.0072831847863188415
2023-09-22,926,1168.8240966796875,1182.47307577697,1166.3673046768697,1179.2717940052096,19176786,1204.1972290039062,1221.7172810872396,-0.004165238351185874
2023-09-25,927,1161.6273193359375,1171.6779308453931,1158.9720452955405,1166.5657437194718,14254884,1198.84931640625,1218.6223266601562,-0.0061572800938944905
2023-09-26,928,1162.6446533203125,1166.4663425671888,1159.2200494490667,1160.684188171601,10087782,1192.2928344726563,1215.3848876953125,0.0008757834526107455
2023-09-27,929,1175.7476806640625,1177.1871000752483,1160.6594050312615,1163.1410372849095,11722778,1188.8210083007812,1212.08798828125,0.011270019009101295
2023-09-28,930,1158.4755859375,1182.7459002555731,1153.9589668880435,1182.7459002555731,14518346,1183.0164672851563,1208.2499715169272,-0.01469030729178833
2023-09-29,931,1163.8856201171875,1175.847137006539,1158.475709840611,1162.2973995824232,12342014,1177.641259765625,1205.2047403971353,0.004669959596351303
2023-10-03,932,1150.55908203125,1159.220075299941,1149.492028660551,1156.415758225436,8859056,1170.7075561523438,1201.4053588867187,-0.011450041013992163
2023-10-04,933,1148.5738525390625,1150.981084388904,1139.1189302205564,1146.0178196869251,10286386,1164.6374755859374,1197.9997314453126,-0.001725447674258196
2023-10-05,934,1148.549072265625,1156.14276991832,1146.017758932428,1151.105104982258,10953682,1161.2599853515626,1194.6032063802083,-2.1574819401237733e-05
2023-10-06,935,1150.4847412109375,1153.8597853939605,1147.5316229908371,1150.0132553057874,5431026,1158.9371704101563,1191.2248779296874,0.0016853167113655143
2023-10-09,936,1140.6822509765625,1147.4818990309532,1139.0691900320726,1145.5711149238573,7576878,1156.1229858398438,1188.2212727864583,-0.008520313119544265
2023-10-10,937,1145.719970703125,1150.435072150941,1143.4121010954177,1144.8018394410437,10236032,1154.5322509765624,1185.575020345052,0.004416409321920778
2023-10-11,938,1163.910400390625,1166.2182699823193,1148.0031129607796,1148.7227620999727,9814118,1154.6588256835937,1183.9421061197916,0.015876854862132417
2023-10-12,939,1166.0693359375,1171.0078811502246,1160.485663265934,1163.3148210249558,12554450,1153.6909912109375,1182.768290201823,0.0018548984063984086
2023-10-13,940,1166.0198974609375,1170.0897506197043,1156.0188455521982,1161.4040366702475,10150316,1154.4454223632813,1181.630879720052,-4.239754450174882e-05
2023-10-16,941,1163.4140625,1168.6254903286665,1159.4186102633319,1163.885548402189,5929036,1154.3982666015625,1180.589424641927,-0.002234811744303733
2023-10-17,942,1168.972900390625,1171.18152891328,1162.0491704758838,1169.3451452373686,7928180,1156.2396484375,1179.6397908528645,0.00477803910903396
2023-10-18,943,1153.4627685546875,1174.8048077319042,1151.9737890772074,1168.9729714451066,8918320,1156.7285400390624,1178.205411783854,-0.013268170571580029
2023-10-19,944,1144.603271484375,1152.37085365543,1142.0472385636656,1147.5068298823098,12032556,1156.3339599609376,1176.2622924804687,-0.007680782866891889
2023-10-20,945,1141.104248046875,1148.846868358942,1139.7145096810816,1141.5508934053469,8913312,1155.3959106445313,1174.1181640625,-0.003056974870395357
2023-10-23,946,1123.2861328125,1144.6530132953733,1119.3403612940447,1136.5877075106362,7853962,1153.656298828125,1171.3255045572917,-0.015614800545062035
2023-10-25,947,1120.6802978515625,1132.219887961399,1113.2602415640138,1116.7593673158804,11620688,1151.1523315429688,1168.1779663085938,-0.0023198318619076508
2023-10-26,948,1105.0709228515625,1120.7052071856403,1101.9937228681183,1117.2309217780673,15222534,1145.2683837890625,1164.073347981771,-0.013928481681996563
2023-10-27,949,1124.5765380859375,1128.3982276638756,1109.761144511754,1111.7712909465938,11771084,1141.1191040039062,1161.2103678385417,0.017651007578809663
2023-10-30,950,1147.7548828125,1153.958963260135,1126.6361687340607,1128.6463150337838,16813304,1139.2926025390625,1158.9181640625,0.020610731187770126
2023-10-31,951,1135.5452880859375,1155.4480281047179,1133.0636557231696,1155.4480281047179,12808438,1136.5057250976563,1156.1817504882813,-0.010637806825655738
2023-11-01,952,1140.2603759765625,1150.236586425296,1129.2419526519689,1136.1656826268284,10309190,1133.63447265625,1153.527225748698,0.0041522675846532575
2023-11-02,953,1151.57666015625,1153.6116471680004,1145.4966608528325,1148.4746196953226,10562104,1133.4458618164062,1151.6039591471354,0.009924298360359796
2023-11-03,954,1151.3284912109375,1158.897469898072,1149.3680258840427,1155.0509397455937,8850156,1134.1183837890626,1150.5707763671876,-0.00021550362550659674
2023-11-06,955,1160.9075927734375,1161.4039192346488,1154.256866662586,1157.5822297180116,10647304,1136.0987182617187,1150.1439331054687,0.00832004213882076
2023-11-07,956,1153.3634033203125,1160.9572220726066,1151.2540159543112,1158.4507493206686,6960204,1139.1064453125,1149.6285766601563,-0.006498527100767593
2023-11-08,957,1159.368896484375,1161.900209827792,1152.3459257444151,1157.4332718147846,7884494,1142.9753051757812,1149.5532958984375,0.005206939241156672
2023-11-09,958,1146.787109375,1159.3689122452765,1143.6353879313751,1159.344192861405,14513610,1147.146923828125,1149.0247111002604,-0.010852272428152565
2023-11-10,959,1148.946044921875,1149.6658152095554,1140.5830169850344,1144.3054653415224,7734954,1149.5838745117187,1148.1313232421876,0.0018825948855072383
2023-11-13,960,1148.7972412109375,1153.7605056745233,1147.3578218124285,1152.9166537769547,3854810,1149.6881103515625,1147.808711751302,-0.00012951322787979613
2023-11-15,961,1169.5684814453125,1172.2982770196893,1154.9516911953863,1161.4039352802765,12220648,1153.0904296875,1147.9981404622397,0.01808085838757778
2023-11-16,962,1171.6778564453125,1178.3534231349859,1164.8533675821152,1166.9131951067154,13134910,1156.232177734375,1148.702099609375,0.0018035497993185157
2023-11-17,963,1169.121826171875,1177.9067803474445,1167.3846835483773,1167.8064883385834,7758634,1157.9866943359375,1149.387032063802,-0.002181512827418408
2023-11-20,964,1166.044677734375,1170.5363354915235,1159.617152805321,1165.647592311094,4490186,1159.4583129882812,1149.9702189127604,-0.0026320169281037753
2023-11-21,965,1180.7109375,1185.227556641674,1171.4296571663483,1174.3083747965666,8214450,1161.4386474609375,1150.9777587890626,0.012577785436250544
2023-11-22,966,1185.326904296875,1188.4289448727575,1177.3856804226161,1178.7754188353035,8534814,1164.6349975585938,1152.4659138997397,0.003909480847741342
2023-11-23,967,1188.9500732421875,1191.1835423841578,1185.3268657327444,1185.3268657327444,8531542,1167.593115234375,1153.9069173177083,0.0030566832931728793
2023-11-24,968,1188.1558837890625,1192.474021001291,1186.7414260587238,1187.0144298509326,6749486,1171.7299926757812,1154.7151000976562,-0.0006679754440481744
2023-11-28,969,1188.404052734375,1191.034607263244,1178.899449291774,1188.1558894990753,13792174,1175.6757934570312,1155.459590657552,0.00020886901180094952
2023-11-29,970,1191.5308837890625,1197.1145563492605,1190.2156671664848,1195.1540911072586,12531306,1179.9491577148438,1156.3099568684895,0.0026311177982716316
2023-11-30,971,1179.9913330078125,1191.530923348677,1176.2440439527552,1188.5529645510346,28439984,1180.9914428710938,1156.8625325520834,-0.00968464262088975
2023-12-01,972,1188.3544921875,1189.3967050711567,1180.0658643673892,1180.2643464861462,14342842,1182.6591064453125,1157.5085856119792,0.007087475090490347
2023-12-04,973,1201.209228515625,1215.9997806950958,1190.4886500919326,1215.9997806950958,15590990,1185.8678466796875,1159.1001342773438,0.010817257318952223
2023-12-05,974,1209.9197998046875,1211.4584602643838,1201.9288955146308,1210.540207865299,12693624,1190.2553588867188,1161.2773518880208,0.007251502138246435
2023-12-06,975,1221.5091552734375,1227.3905513904704,1208.5549856031337,1214.560584514323,16422442,1194.3351806640626,1163.9575154622396,0.009578614607861358
2023-12-07,976,1219.4990234375,1221.4346482742724,1212.0292855470004,1220.9631623446442,8142096,1197.752392578125,1167.1646118164062,-0.0016456134014709578
2023-12-08,977,1218.853759765625,1229.251775342433,1213.5182500771466,1222.874052744466,10204894,1200.7427612304687,1170.437060546875,-0.0005291219258676261
2023-12-11,978,1220.6405029296875,1224.7351961410227,1217.1909371644088,1218.9777608532804,7066138,1203.9912231445312,1174.2893798828125,0.0014659208701182092
2023-12-12,979,1203.1202392578125,1223.41994400905,1201.1844932637518,1220.9631521449135,9197124,1205.462841796875,1176.9075032552084,-0.014353336326153543
2023-12-13,980,1208.03369140625,1210.2176004047437,1194.3103140708777,1202.102614795848,10031182,1207.1131225585937,1178.916796875,0.004083924439230335
2023-12-14,981,1223.0228271484375,1228.3831772791464,1212.3518080035872,1217.9851619285064,16972354,1211.4162719726562,1181.83271484375,0.012407878893459401
2023-12-15,982,1238.6324462890625,1240.8162343922088,1225.951280138882,1229.8970515295573,15932152,1216.4440673828126,1185.1117838541666,0.012763146193288888
2023-12-18,983,1251.239013671875,1258.1379030406688,1236.3243792186838,1238.6323699765335,14165188,1221.4470458984374,1188.4338623046874,0.010177811360086553
2023-12-19,984,1269.6527099609375,1277.4945707453207,1253.3234974409622,1268.1140495332209,16820604,1227.4203369140625,1192.3780029296875,0.01471637000434134
2023-12-20,985,1254.2913818359375,1289.8780864366483,1250.7426960684581,1276.080186427869,17736722,1230.6985595703125,1195.4907958984375,-0.012098842466514048
2023-12-21,986,1271.8614501953125,1277.2962009364337,1249.8741628164655,1254.2170195322976,13765454,1235.9348022460938,1199.4407307942708,0.014007963870131368
2023-12-22,987,1273.1021728515625,1280.968874306117,1264.4660199985942,1270.3972179591544,16541784,1241.3596435546874,1203.2318400065103,0.0009755171493399661
2023-12-26,988,1279.554443359375,1286.453332624264,1271.935783794956,1274.5663382448713,7465664,1247.2510375976562,1207.6574178059896,0.005068148217326707
2023-12-27,989,1283.922119140625,1290.3990823415181,1277.0976304877347,1281.514887400953,9204156,1255.3312255859375,1212.156620279948,0.0034134348904943934
2023-12-28,990,1293.203369140625,1296.4046504171113,1283.9220890250845,1285.3862277761266,12302636,1263.848193359375,1216.9701578776042,0.007228826314022996
2023-12-29,991,1282.9791259765625,1297.397434632089,1280.174929799553,1295.9581362918193,10864584,1269.8438232421875,1220.7505126953124,-0.007906137122776657
2024-01-01,992,1285.6097412109375,1293.8488097378856,1277.1225094292433,1280.7953983035607,4030540,1274.541552734375,1224.5482421875,0.0020503959738025213
2024-01-02,993,1296.255859375,1297.8937610136477,1277.0480485996618,1283.0039664322292,7448800,1279.0432373046874,1228.786043294271,0.008280987474499568
2024-01-03,994,1282.16015625,1307.3238832997818,1279.132516403198,1295.412048372221,9037536,1280.2939819335938,1232.6565592447917,-0.010874167335911844
2024-01-04,995,1288.7860107421875,1295.337616733607,1280.0755785995668,1284.4928354763001,9612778,1283.7434448242188,1236.2590616861978,0.005167727650784659
2024-01-05,996,1294.2705078125,1300.3009471094986,1289.456165302221,1291.8881165287519,8086406,1285.9843505859376,1239.8905151367187,0.004255552919257832
2024-01-08,997,1284.17041015625,1306.3064992127524,1275.0379299096924,1295.412156841061,7734652,1287.0911743164063,1243.0645263671875,-0.007803699145799592
2024-01-09,998,1280.7703857421875,1293.8237954235035,1279.132484246134,1290.4487513775189,5403074,1287.2127685546875,1246.1516764322917,-0.002647642701601227
2024-01-10,999,1315.3148193359375,1319.7320764251056,1278.0654937339266,1279.0333061103788,11102740,1290.3520385742188,1250.3820353190104,0.02697160551048494
2024-01-11,1000,1349.9088134765625,1352.489686993197,1318.7394856296971,1319.7321386109766,23725852,1296.0225830078125,1255.6612996419271,0.026300923271046495
2024-01-12,1001,1360.6541748046875,1363.2350482099334,1335.8626919019084,1349.9087552154863,15012164,1303.790087890625,1261.6833943684896,0.007960064576844506
2024-01-15,1002,1383.8822021484375,1386.190071634762,1355.9638397810568,1364.8977157386187,8610594,1313.617333984375,1268.2009847005208,0.017071220427544942
2024-01-16,1003,1364.5255126953125,1386.0413130880693,1360.4308194226976,1379.7627106993223,9069024,1320.4442993164062,1273.6448608398437,-0.013987237803242403
2024-01-17,1004,1351.5714111328125,1376.0900120502974,1345.0696069219948,1349.5117047016763,12197382,1327.3854248046875,1278.366581217448,-0.009493484322555479
2024-01-18,1005,1357.8995361328125,1360.92717605878,1341.3222805612156,1341.4712027363942,10279438,1334.29677734375,1282.9129272460937,0.004682050055125231
2024-01-19,1006,1357.4031982421875,1365.890429247957,1349.015329468004,1365.890429247957,10422704,1340.6100463867188,1287.5097330729166,-0.00036551886013491686
2024-01-23,1007,1318.8138427734375,1361.6716823004633,1312.8332056966303,1361.6716823004633,20055420,1344.0743896484375,1290.8417358398438,-0.028428808417957585
2024-01-24,1008,1334.00146484375,1339.5851376107455,1314.1980872328543,1325.4149927095905,21919128,1349.3974975585938,1294.6204345703125,0.011516122729174016
2024-01-25,1009,1343.1337890625,1354.1274927557365,1325.390118278632,1333.0831783387705,11808872,1352.17939453125,1299.2875528971354,0.00684581273665974
2024-01-29,1010,1437.4111328125,1441.8283899094502,1350.1817560391485,1354.474931519067,23893438,1360.9296264648438,1306.933467610677,0.07019207209119882
2024-01-30,1011,1397.2830810546875,1449.2484377227322,1394.1066401470152,1449.2235971647833,14093978,1364.5925170898438,1312.7421427408854,-0.02791689228070482
2024-01-31,1012,1416.1434326171875,1423.7124109217216,1392.1956815880876,1393.6846609266845,15130226,1367.8186401367188,1318.6591756184896,0.013497874423745282
2024-02-01,1013,1416.1683349609375,1432.745590517861,1407.631543948549,1424.4569627393994,13349362,1372.9829223632812,1324.1568196614583,1.758461973300207e-05
2024-02-02,1014,1446.990234375,1464.0639387350582,1422.6455164089482,1422.6455164089482,19652588,1382.5248046875,1330.0680704752604,0.021764290764849425
2024-02-05,1015,1428.452392578125,1459.6961190035063,1421.007495677393,1450.0177530325548,8814432,1389.5800903320312,1335.8734375,-0.01281131092421095
2024-02-06,1016,1417.3099365234375,1431.256637826339,1409.3934322746634,1431.256637826339,9047984,1395.5707641601562,1340.7217203776042,-0.007800369205568813
2024-02-07,1017,1431.554443359375,1438.8504181404362,1418.7491963623445,1425.3752031215413,9296568,1406.84482421875,1346.0034627278646,0.01005038239615974
2024-02-08,1018,1439.4708251953125,1448.752105824393,1417.0368932886952,1439.3467435794867,14694634,1417.3917602539063,1351.3340087890624,0.005529920201540195
2024-02-09,1019,1450.0177001953125,1461.1602045826953,1440.2896534634558,1443.31729322881,12556798,1428.0801513671875,1356.8705281575521,0.007326911261691604
2024-02-12,1020,1441.679443359375,1450.2659153474917,1431.7529141646626,1450.017752117624,6674430,1428.506982421875,1361.8197306315103,-0.005750451759874653
2024-02-13,1021,1454.335693359375,1468.1335924657844,1443.3172707540573,1444.806250056761,7715594,1434.2122436523437,1367.5316162109375,0.0087788239322526
2024-02-14,1022,1470.4912109375,1472.749520552248,1446.7916226083244,1446.7916226083244,7117888,1439.647021484375,1373.6943318684896,0.011108520303732217
2024-02-15,1023,1459.79541015625,1473.8166331337911,1455.7503978374216,1472.4517353218182,10006782,1444.0097290039062,1379.1456502278645,-0.0072736244199861355
2024-02-16,1024,1449.843994140625,1466.1483668657747,1447.8339689108675,1465.6271998466532,9767498,1444.2951049804688,1384.7351114908854,-0.006816993632388413
2024-02-19,1025,1463.17041015625,1468.6300012389227,1442.8458657695369,1451.3082561823699,6729828,1447.7669067382812,1390.5479248046875,0.009191620663659084
2024-02-20,1026,1460.21728515625,1464.659382736365,1451.0600862084646,1464.1878968342883,7117496,1452.0576416015624,1396.079484049479,-0.0020183055777382997
2024-02-21,1027,1456.916748046875,1477.5888193115914,1446.8414171157522,1463.170510366537,12720292,1454.5938720703125,1401.8376953125,-0.0022603054647595267
2024-02-22,1028,1470.863525390625,1474.0399663973683,1447.2880175600008,1457.36346935178,18493728,1457.7331420898438,1408.1741333007812,0.009572803224650261
2024-02-23,1029,1482.6512451171875,1486.5474563697878,1472.4517119404402,1478.556551746289,14438584,1460.9964965820313,1413.7520141601562,0.008014149187248298
2024-02-26,1030,1476.3974609375,1483.5446346905887,1471.607959051116,1482.5768223248915,7513106,1464.4682983398438,1417.9683024088542,-0.004217973849401924
2024-02-27,1031,1474.73486328125,1488.9297276070065,1467.1907251784094,1472.1291493159843,10826044,1466.5082153320313,1421.7709920247396,-0.001126117932493731
2024-02-28,1032,1444.930419921875,1480.3185210789975,1439.5205099276588,1472.1042938560004,8647950,1463.9521362304688,1423.8059326171874,-0.020210035106284052
2024-02-29,1033,1450.0675048828125,1468.1088998815815,1443.8385832706604,1454.2365988812116,23628976,1462.979345703125,1426.657332356771,0.0035552472908801924
2024-03-01,1034,1481.1622314453125,1488.979373154373,1451.7548888255137,1452.7475417409498,12132926,1466.1111694335937,1430.9770263671876,0.021443640697963895
2024-03-04,1035,1496.3250732421875,1501.337897909408,1476.2982516112518,1479.5243736818861,10024420,1469.4266357421875,1435.5912109375,0.010237124249434348
2024-03-05,1036,1489.177978515625,1496.3251528023525,1475.1320355384912,1494.712091681268,7107668,1472.322705078125,1439.9837036132812,-0.004776431842498208
2024-03-06,1037,1491.957275390625,1497.9131926576536,1467.6372798835923,1482.4773919378927,7805676,1475.8267578125,1445.7551513671874,0.0018663295556990978
2024-03-07,1038,1468.059326171875,1492.056638756749,1464.7091224345347,1491.9325571368477,8315726,1475.546337890625,1450.2237467447917,-0.016017850921698162
2024-03-11,1039,1455.8248291015625,1478.060279979328,1452.747629113329,1478.060279979328,11277130,1472.8636962890625,1453.9801147460937,-0.008333789276905645
2024-03-12,1040,1464.5849609375,1477.0675227494196,1454.261346490045,1455.8247263461558,9432678,1471.6824462890625,1454.8859090169271,0.006017298002358951
2024-03-13,1041,1421.6527099609375,1472.2034859914554,1417.2850129833478,1468.9029635812572,13522134,1466.3742309570312,1455.6982299804688,-0.029313595401854298
2024-03-14,1042,1420.957763671875,1437.8825438227764,1415.0266869213976,1429.1223094125826,18571102,1463.9769653320313,1455.8587076822917,-0.0004888298556977588
2024-03-15,1043,1407.80517578125,1422.694969713975,1402.5193474045138,1415.4733954219128,19223818,1459.750732421875,1455.5799357096355,-0.009256142741806528
2024-03-18,1044,1428.899169921875,1431.1326391984185,1406.1178317705178,1409.56727675182,9169392,1454.5244262695312,1454.9769002278647,0.014983603202708196
2024-03-19,1045,1414.778564453125,1427.0378036957165,1406.8373411480031,1418.252849649116,8275764,1446.369775390625,1454.5211059570313,-0.009882156674163367
2024-03-20,1046,1433.1427001953125,1434.3835163859578,1413.562644941621,1417.4587350761735,8488806,1440.7662475585937,1455.0488647460938,0.012980219098305268
2024-03-21,1047,1440.3145751953125,1447.1887452733042,1434.060934378195,1441.8532357214951,13006936,1435.6019775390625,1455.340869140625,0.0050042992920542595
2024-03-22,1048,1444.3348388671875,1449.2732629085037,1436.716179238339,1439.321893152815,19527608,1433.2295288085938,1455.5030029296875,0.0027912400118077496
2024-03-26,1049,1430.983642578125,1441.7291835759677,1428.4276096750873,1434.3835274360674,11415906,1430.74541015625,1454.868534342448,-0.009243837322053361
2024-03-27,1050,1481.8818359375,1488.979328303771,1436.368725370371,1437.3613782559069,16326644,1432.47509765625,1456.208614095052,0.03556867587086776
2024-03-28,1051,1474.933349609375,1494.8856495085238,1467.786296896486,1481.90676076149,21854364,1437.8031616210938,1456.8952026367188,-0.004688961130108638
2024-04-01,1052,1473.8662109375,1482.9985690062601,1471.60790139039,1481.5095896793896,5013880,1443.0940063476562,1457.0077026367187,-0.0007235165386677567
2024-04-02,1053,1476.025146484375,1483.0233977342266,1464.1629930776332,1473.0968689675985,8910166,1449.9160034179688,1457.5486938476563,0.001464811073660366
2024-04-03,1054,1460.7880859375,1473.5436523631188,1458.1079713887636,1471.186101560143,7008292,1453.1048950195313,1457.9134969075521,-0.010323035879955644
2024-04-04,1055,1452.1767578125,1468.8780939901114,1439.3466709144527,1468.8780939901114,14490272,1456.8447143554688,1457.5470418294271,-0.005894987923230066
2024-04-05,1056,1449.3724365234375,1459.9938949751336,1445.3025839763254,1450.1417667351745,7442298,1458.4676879882813,1457.185546875,-0.0019311156675492214
2024-04-08,1057,1475.057373046875,1480.0206375610207,1450.2658910334067,1452.226356281804,8357118,1461.9419677734375,1457.790234375,0.01772141919922743
2024-04-09,1058,1452.896484375,1478.8543827139295,1451.7549092714805,1478.060211901015,7071414,1462.7981323242188,1457.1913330078125,-0.015023746924568426
2024-04-10,1059,1468.7044677734375,1476.0749645358123,1455.5766564963697,1455.5766564963697,9138330,1466.57021484375,1456.7264404296875,0.010880323249758295
2024-04-12,1060,1456.370849609375,1475.5538200544618,1452.3257159957793,1465.0317226594827,15551012,1464.0191162109375,1456.05888671875,-0.008397617379594657
2024-04-15,1061,1454.062744140625,1471.2356878788278,1435.6986653849476,1450.2658952456557,12902062,1461.9320556640625,1455.3698160807292,-0.001584833608396563
2024-04-16,1062,1454.98095703125,1460.3661473678603,1440.2649265731254,1442.6720371000315,9366184,1460.0435302734375,1455.704833984375,0.0006314809277145894
2024-04-18,1063,1453.5665283203125,1475.0823301585979,1448.628103973215,1452.7476380801534,19005692,1457.7976684570312,1455.8214680989583,-0.0009721286757068404
2024-04-19,1064,1459.323974609375,1463.1705049395248,1432.4231028577299,1446.0720814485837,15741778,1457.6512573242187,1455.093526204427,0.003960910062861478
2024-04-22,1065,1468.9774169921875,1471.9305352298081,1457.0160218672338,1461.6317610616636,10350362,1459.3313232421874,1454.1819376627604,0.006615009792733995
2024-04-23,1066,1448.603271484375,1482.5272357774581,1444.8561033979943,1468.1337674689391,14605554,1459.2544067382812,1452.8294474283855,-0.013869611113239366
2024-04-24,1067,1439.5205078125,1457.7605053579202,1438.8504186169605,1452.7475596039474,10462776,1455.7007202148438,1451.0815551757812,-0.006270014606944763
2024-04-25,1068,1449.2484130859375,1457.189636393573,1430.9091747445573,1431.9018276580116,15943926,1455.3359130859376,1450.4545247395833,0.006757739970109977
2024-04-26,1069,1441.8780517578125,1454.236532179651,1439.3467383348082,1453.194198141131,9413848,1452.653271484375,1449.9896321614583,-0.00508564388380528
2024-04-29,1070,1454.2613525390625,1457.1152296530197,1439.3467183436048,1439.3467183436048,7247974,1452.4423217773438,1449.6455118815104,0.008588313530505154
2024-04-30,1071,1456.221923828125,1472.178772035999,1452.1272302795285,1457.214576809603,11474262,1452.6582397460938,1450.7978190104166,0.0013481560832511175
2024-05-02,1072,1455.775146484375,1466.4708844514234,1453.3679147531318,1461.1850562736174,14512646,1452.7376586914063,1451.9583984375,-0.00030680580785069633
2024-05-03,1073,1423.46435546875,1464.1134460205978,1405.7455242326487,1460.1925152681529,17226958,1449.72744140625,1452.48037109375,-0.022194904957440698
2024-05-06,1074,1409.095703125,1429.4202480421582,1407.5818831415143,1424.9533097670264,7394208,1444.7046142578124,1451.8202555338542,-0.010094142707927745
2024-05-07,1075,1391.17822265625,1410.311631866643,1381.772860502106,1405.571689953147,14517472,1436.9246948242187,1451.0335774739583,-0.012715588039204029
2024-05-08,1076,1408.1278076171875,1422.42191231512,1387.2324157830615,1387.2324157830615,9439002,1432.8771484375,1450.1997477213542,0.012183618665748464
2024-05-09,1077,1383.8822021484375,1413.2895438420787,1379.7875090012217,1402.6185253372132,11009612,1427.3133178710937,1448.3186686197917,-0.017218327297845226
2024-05-10,1078,1397.0845947265625,1399.6406275450738,1377.8766636438304,1386.4879762578594,10505096,1422.0969360351562,1446.7436604817708,0.009540112993453143
2024-05-13,1079,1392.394287109375,1396.6379028351905,1373.8317248456565,1389.6149314683873,8456620,1417.1485595703125,1445.4573486328125,-0.0033572108910882026
2024-05-14,1080,1409.6416015625,1416.5901722719507,1389.7389824487905,1390.681954289976,7188300,1412.6865844726562,1443.0493408203124,0.012386803517364653
2024-05-15,1081,1405.86962890625,1419.468926315315,1402.6435067088078,1410.063563528233,5046534,1407.6513549804688,1440.747216796875,-0.002675838065554381
2024-05-16,1082,1414.8778076171875,1417.0120356183081,1387.75361519461,1408.1278405018506,14711774,1403.56162109375,1438.780936686198,0.006407549125266865
2024-05-17,1083,1425.15185546875,1426.6408349602225,1402.8668442157614,1412.5948920294334,10916476,1403.73037109375,1437.0851603190104,0.007261438264315689
2024-05-21,1084,1425.57373046875,1431.231803864575,1415.1260338425998,1415.1260338425998,11176128,1405.378173828125,1435.9113484700522,0.0002960210860205592
2024-05-22,1085,1449.91845703125,1457.9837617014118,1425.722543020764,1425.722543020764,10281604,1411.252197265625,1435.8360717773437,0.017077143077331547
2024-05-23,1086,1475.1319580078125,1481.2615172416956,1444.3100355832012,1447.8340020088174,14608260,1417.9526123046876,1436.6947224934895,0.01738959929387196
2024-05-24,1087,1469.37451171875,1477.5638984586112,1465.2549777906743,1472.724715385057,7094776,1426.5018432617187,1436.5052937825521,-0.003903004241625929
2024-05-27,1088,1455.4774169921875,1473.990419113941,1450.8119965034373,1469.3497180106694,6629010,1432.3411254882812,1436.5913248697916,-0.009457830264325784
2024-05-28,1089,1445.501220703125,1467.637430621861,1442.0766163922278,1457.2145743340495,7820162,1437.6518188476562,1435.8178833007812,-0.006854243269317606
2024-05-29,1090,1430.1895751953125,1447.287997987601,1427.8815843874524,1435.8724890871501,7383556,1439.7066162109375,1434.945174153646,-0.010592620254145868
2024-05-30,1091,1414.3814697265625,1429.817270893488,1409.6663684202383,1424.9532474164846,13206858,1440.5578002929688,1433.6224650065103,-0.011053153891567913
2024-05-31,1092,1419.8907470703125,1431.653659822201,1411.800601617005,1420.7841589242364,31069832,1441.0590942382812,1432.452791341146,0.003895184900022164
2024-06-03,1093,1499.228515625,1503.3728901534053,1448.2806515244756,1472.1043222829317,21527942,1448.4667602539062,1433.9748575846354,0.055875967019565875
2024-06-04,1094,1387.0091552734375,1487.0437791255476,1349.3131842665355,1487.0437791255476,36709098,1444.610302734375,1431.564363606771,-0.07485140469382034
2024-06-05,1095,1410.3116455078125,1420.6352601794422,1373.9308915121778,1411.5524616660985,17464890,1440.6496215820312,1429.608837890625,0.016800530945147996
2024-06-06,1096,1421.0819091796875,1433.0929853880773,1410.9072166555904,1424.4569533735907,17855722,1435.2446166992188,1428.6914591471354,0.007636796949228142
2024-06-07,1097,1459.1500244140625,1461.1850112482903,1416.0193060772324,1418.004611799037,18558696,1434.22216796875,1429.3457763671875,0.026788121774310447
2024-06-10,1098,1460.5894775390625,1482.3781598703026,1457.2888339961758,1459.150058153404,9251760,1434.7333740234376,1429.7238118489583,0.0009865011142895508
2024-06-11,1099,1445.9727783203125,1462.847878399236,1443.9874724286744,1458.20717740815,11774902,1434.7805297851562,1429.860302734375,-0.010007397316991185
2024-06-12,1100,1452.57373046875,1465.155654220818,1444.4837064170613,1446.7915758989445,10081742,1437.0189453125,1429.8040486653647,0.0045650597628161815
2024-06-13,1101,1454.4847412109375,1461.433311890669,1449.3725542618724,1461.1851486521073,9181160,1441.0292724609376,1429.746142578125,0.001315603264813836
2024-06-14,1102,1466.6944580078125,1468.8038455887872,1446.518713499826,1459.199879544848,8157998,1445.7096435546875,1430.1101196289062,0.008394530689067148
2024-06-18,1103,1470.1439208984375,1476.4720837189377,1460.5399547367645,1476.4224025999808,7196766,1442.8011840820313,1431.666105143229,0.0023518619517457484
2024-06-19,1104,1447.9332275390625,1476.571240472528,1445.3026730272272,1476.571240472528,8725874,1448.8935913085938,1432.9606892903646,-0.015107836072132064
2024-06-20,1105,1462.87255859375,1471.9553570393568,1439.4459739347105,1448.2806091505108,16113776,1454.1496826171874,1435.3505004882813,0.0103176933649618
2024-06-21,1106,1443.515869140625,1463.8652545834836,1429.9909727182371,1462.7982011333013,31170360,1456.3930786132812,1436.5301025390625,-0.013231972490982069
2024-06-24,1107,1430.88427734375,1438.8503408924523,1426.9385064042085,1434.9045699529108,8878386,1453.56650390625,1438.0968383789063,-0.008750573559260566
2024-06-25,1108,1443.46630859375,1445.2282918111714,1430.4128980926341,1432.3982039886682,7045386,1451.8541870117188,1439.6428955078125,0.008793185758779076
2024-06-26,1109,1502.9013671875,1507.8149506909176,1434.5075565031482,1435.425808927042,22014882,1457.5470458984375,1443.32646484375,0.0411752309284259
2024-06-27,1110,1519.3050537109375,1526.2039433921725,1494.935374795845,1502.6284353235128,28383030,1464.2201782226562,1446.981913248698,0.010914679353931867
2024-06-28,1111,1553.89892578125,1569.3842873036351,1519.7764812043604,1519.7764812043604,28957336,1474.1615966796876,1451.9162231445312,0.022769536628484355
2024-07-01,1112,1548.6875,1567.7960689891884,1544.2454023527885,1551.0450507194453,7724306,1482.3609008789062,1456.3765462239583,-0.0033537739776928754
2024-07-02,1113,1553.675537109375,1561.939323957406,1545.5605512562322,1557.968712393485,7749246,1490.7140625,1460.6606689453124,0.0032208157613302646
2024-07-03,1114,1541.019287109375,1563.4283787351976,1531.440162014497,1554.8170660210362,9049620,1500.0226684570312,1464.5088541666667,-0.008146005840799275
2024-07-04,1115,1542.6075439453125,1555.983518377374,1539.4062623766438,1545.5606622734106,6837176,1507.9961669921875,1467.5984903971355,0.001030653444264562
2024-07-05,1116,1576.9532470703125,1586.755694667964,1536.6267221432645,1542.4088769403465,12269710,1521.3399047851562,1470.9925333658855,0.022264705796238182
2024-07-08,1117,1589.1380615234375,1596.9800437158895,1570.8980643748457,1577.325467706802,9500806,1537.165283203125,1474.9846516927084,0.007726807675346281
2024-07-09,1118,1578.5911865234375,1588.7410386525216,1568.887979750272,1585.8623208770043,6960002,1550.6777709960938,1479.0884440104167,-0.006636852552564965
2024-07-10,1119,1572.5855712890625,1585.7630632323035,1551.6654591589945,1583.2814308954767,7134578,1557.64619140625,1483.324589029948,-0.003804414522040611
2024-07-11,1120,1569.036865234375,1592.4634499565013,1558.9614138424095,1575.8365135146928,11940946,1562.6193725585938,1487.95283203125,-0.002256606012083995
2024-07-12,1121,1584.9937744140625,1593.3569240772113,1562.9320865975437,1572.8586162043875,12924784,1565.728857421875,1493.6399088541666,0.010169875248472238
2024-07-15,1122,1585.4901123046875,1594.0517441522056,1573.8512804915936,1592.6620057625546,5329688,1569.4091186523438,1499.1598876953126,0.00031314816413607893
2024-07-16,1123,1564.669189453125,1588.24469666931,1557.5965372882695,1581.792452589091,9386838,1570.5084838867188,1501.3412434895833,-0.01313216821093699
2024-07-18,1124,1575.0177001953125,1582.1895936713806,1546.3795650620239,1564.4210812674708,12298374,1573.9083251953125,1507.6081949869792,0.006613864970271832
2024-07-19,1125,1543.7242431640625,1578.293333314245,1541.3915329908289,1574.3475621142547,13140390,1574.0199951171876,1512.055281575521,-0.019868638319029297
2024-07-22,1126,1489.6495361328125,1526.203933085127,1488.2597977476694,1525.9557698439748,19674376,1565.2896240234375,1514.340869140625,-0.03502873474372403
2024-07-23,1127,1476.96826171875,1494.6870915999891,1452.2511804820083,1489.9719903646578,18052044,1554.0726440429687,1514.9348103841146,-0.008512924756103102
2024-07-24,1128,1484.7109375,1498.4095963901725,1465.552808673545,1474.0895996286229,11913362,1544.684619140625,1515.738859049479,0.005242276345356123
2024-07-25,1129,1481.435302734375,1489.4509269223795,1466.2228234080762,1470.1190347480779,12519876,1535.5695922851562,1516.9209431966146,-0.0022062441131743826
2024-07-26,1130,1497.9381103515625,1501.3131545447015,1479.4002684339398,1481.4352554076795,9859940,1528.459716796875,1518.4330891927084,0.011139742374659978
2024-07-29,1131,1508.931640625,1516.2772962786503,1500.6678537480493,1500.8414953005092,7538550,1520.8535034179688,1520.2479858398438,0.007339108470147293
2024-07-30,1132,1502.0328369140625,1513.7957501477324,1498.9059558839842,1505.8793670988641,8228208,1512.5077758789062,1521.4259318033853,-0.004571978958622713
2024-07-31,1133,1494.364501953125,1499.3524857083617,1490.1208866802617,1492.9499231376883,10057346,1505.4773071289062,1522.2332845052083,-0.00510530447303148
2024-08-01,1134,1504.1671142578125,1506.8472288436842,1493.2479314401046,1500.8913109431162,10764222,1498.3922485351563,1524.1077473958333,0.006559719728269409
2024-08-02,1135,1488.309326171875,1498.2358556077295,1482.303848567256,1493.9426800961044,10268248,1492.8507568359375,1524.9556396484375,-0.0105425706596185
2024-08-05,1136,1436.69140625,1472.997761203301,1422.7198642160924,1469.126390399314,17046704,1487.5549438476562,1524.7281575520833,-0.03468225254936952
2024-08-06,1137,1445.352294921875,1466.6446510309138,1440.6619130584993,1444.4588830824964,10236186,1484.3933471679688,1525.2104248046876,0.0060283569834118644
2024-08-07,1138,1454.062744140625,1461.6814036613468,1450.7622216985117,1458.2071184913539,8174568,1481.3285278320313,1525.5636393229167,0.0060265232562009
2024-08-08,1139,1438.4781494140625,1454.2365143735713,1435.3017085687702,1446.8164580997684,12387192,1477.0328125,1523.4161987304688,-0.010717965775110527
2024-08-09,1140,1463.46826171875,1465.6520496932055,1445.3026646483625,1449.2732763644294,6249776,1473.5858276367187,1521.5549723307292,0.017372604731512142
2024-08-12,1141,1449.8936767578125,1462.1777566892652,1447.0397996020206,1459.199797918004,8184584,1467.68203125,1518.0881306966146,-0.009275626479931298
2024-08-13,1142,1452.8717041015625,1459.2742672925806,1447.28803114191,1450.0178268110735,6265064,1462.76591796875,1514.8942708333334,0.0020539625708344555
2024-08-14,1143,1451.109619140625,1461.1850703208015,1443.0194737625147,1452.7972017764512,6267466,1458.4404296875,1511.4754069010417,-0.001212829017154804
2024-08-16,1144,1467.339599609375,1469.5235088888628,1447.3377388233519,1457.8598362701878,9416902,1454.7576782226563,1509.0194173177083,0.011184530964905015
2024-08-19,1145,1482.4791259765625,1492.3397678065596,1474.6105280885965,1476.6025720306277,13797742,1454.174658203125,1507.01513671875,0.01031767040923448
2024-08-20,1146,1489.9990234375,1497.9423959482733,1484.0976661921165,1491.268975771349,8411808,1459.505419921875,1504.1166625976562,0.005072514903698089
2024-08-21,1147,1492.7132568359375,1501.8766102174725,1484.072717714687,1487.30978907883,7769996,1464.2415161132812,1500.9025024414063,0.0018216343472330365
2024-08-22,1148,1492.1654052734375,1500.5070892244864,1484.720165407205,1497.0210123494212,10445782,1468.0517822265624,1498.0216430664063,-0.0003670172821144124
2024-08-23,1149,1494.008056640625,1505.3128818837536,1492.4642955105633,1497.768063961028,9249654,1473.6047729492188,1495.402392578125,0.001234884122548019
2024-08-26,1150,1506.5828857421875,1516.941539085057,1497.021098650585,1500.9802618699923,8816114,1477.9162353515626,1493.3205932617188,0.008416841559635069
2024-08-27,1151,1494.481201171875,1507.4544123852302,1493.485179145279,1504.4912711730515,6251156,1482.3749877929688,1490.3035074869792,-0.008032538192779826
2024-08-28,1152,1492.33984375,1501.4782728482842,1487.0608784010915,1499.0131426615155,9610286,1486.3218017578124,1487.1984985351562,-0.001432843330646083
2024-08-29,1153,1514.874755859375,1530.885760314005,1488.0568158159556,1497.1205913811584,38335358,1492.6983154296875,1485.5386840820313,0.01510038896552457
2024-08-30,1154,1503.6197509765625,1533.599989641746,1497.3447635789732,1527.89778785993,41620730,1496.3263305664063,1483.1587524414062,-0.007429660332829102
2024-09-02,1155,1510.2183837890625,1520.7264647058682,1500.6316718721823,1504.8647654458696,11240852,1499.1002563476563,1482.0418904622395,0.004388498360848425
2024-09-03,1156,1503.1217041015625,1516.941509382377,1501.5031683479538,1515.1984708784905,10923800,1500.4125244140625,1482.4909627278646,-0.004699108263862328
2024-09-04,1157,1508.525146484375,1511.4633627071519,1493.534966971581,1494.7301447200666,11983304,1501.9937133789062,1483.5428588867187,0.003594813625582116
2024-09-05,1158,1487.035888671875,1519.7054581926027,1481.1345314015284,1513.0072347057646,16264168,1501.48076171875,1483.6203572591146,-0.01424521020586289
2024-09-06,1159,1458.997802734375,1491.0448575756723,1455.8105811316245,1486.5627588054047,19394228,1497.979736328125,1482.872440592448,-0.018855016312041895
2024-09-09,1160,1456.63232421875,1464.07768593117,1449.809597840599,1460.666261949736,9010298,1492.9846801757812,1481.4955810546876,-0.00162130368612734
2024-09-10,1161,1455.7110595703125,1466.1942153054945,1451.7766997689328,1454.6901127162012,10768260,1489.107666015625,1479.721561686198,-0.0006324620380312451
2024-09-11,1162,1445.7259521484375,1462.9073318760024,1441.7917138302157,1457.2300550346945,9760202,1484.4462768554688,1477.8446655273438,-0.006859264657110176
2024-09-12,1163,1473.913330078125,1480.088617533546,1440.1232367942907,1451.2039809867947,22349376,1480.3501342773438,1477.162959798177,0.01949704083806436
2024-09-13,1164,1466.766845703125,1477.2500011980833,1463.6542770635715,1470.5268529366479,8711328,1476.66484375,1475.9162841796874,-0.004848646273265755
2024-09-16,1165,1465.4969482421875,1475.0090069946318,1458.9232273463058,1471.6723576050656,5481774,1472.1927001953125,1475.1558715820313,-0.0008657800417685158
2024-09-17,1166,1466.4432373046875,1471.5975781970765,1460.790763828237,1468.1364260685732,5935328,1468.524853515625,1476.147599283854,0.000645712066227766
2024-09-18,1167,1457.6282958984375,1476.10455198121,1454.7399294679985,1464.1522884024148,8574714,1463.4351684570313,1476.5567993164063,-0.006011103043068844
2024-09-19,1168,1463.82861328125,1470.6264144806405,1449.7598031867433,1460.4171894563083,16955902,1461.1144409179688,1476.8823282877604,0.00425370267595615
2024-09-20,1169,1480.0140380859375,1489.0528890965668,1465.5218693608433,1468.136427109257,30897320,1463.216064453125,1478.2668579101562,0.011056912440321032
2024-09-23,1170,1487.434326171875,1495.5270047691104,1483.026880271187,1485.0687739665293,8832314,1466.2962646484375,1479.0657267252604,0.005013660610634352
2024-09-24,1171,1483.4501953125,1494.530939532627,1481.9561623839436,1482.5786761041754,17137444,1469.0701782226563,1480.18427734375,-0.002678525558589717
2024-09-25,1172,1488.0069580078125,1490.5468626388433,1474.3116560624171,1477.9970102640052,7069002,1473.2982788085938,1481.3554524739584,0.003071732849347697
2024-09-26,1173,1491.9910888671875,1498.017070530802,1482.1305684499498,1484.7202013028073,18818998,1475.1060546875,1482.7181681315103,0.0026774947777858937
2024-09-27,1174,1520.1038818359375,1527.3747692811157,1486.0647823070499,1493.0369361114394,20597478,1480.4397583007812,1484.4769775390625,0.018842467075386393
2024-09-30,1175,1470.701171875,1518.9086621673466,1468.5348969230117,1513.3558880158446,27008814,1480.9601806640626,1484.0843790690103,-0.03249956174131363
2024-10-01,1176,1458.997802734375,1482.0308103038055,1457.0057588364782,1474.7599230273088,16431642,1480.2156372070312,1483.051005045573,-0.007957679890677194
2024-10-03,1177,1401.3780517578125,1443.634334423912,1396.4975195620746,1430.8602791168494,37757294,1474.5906127929688,1480.0064982096353,-0.03949269208533057
2024-10-04,1178,1381.0093994140625,1411.711728297617,1376.2782950115372,1398.34020617394,37072876,1466.30869140625,1476.3012980143228,-0.014534730523430572
2024-10-07,1179,1365.272216796875,1390.9447078848398,1355.9594355150189,1387.9566419173104,22181340,1454.8345092773438,1472.0101033528647,-0.011395420352580121
2024-10-08,1180,1391.791259765625,1395.4267642320656,1359.669551595401,1367.513224520688,17020808,1445.2702026367188,1468.1837158203125,0.0194239966524532
2024-10-09,1181,1369.1318359375,1395.4019165531051,1367.0402140253339,1391.9656892391695,14310610,1433.8383666992188,1464.0054036458334,-0.01628076313106086
2024-10-10,1182,1365.595947265625,1380.4864268287754,1363.9774115920343,1374.5352199766685,22358646,1421.597265625,1459.780607096354,-0.0025825772062730845
2024-10-11,1183,1366.6417236328125,1377.7723178051706,1363.3797273571677,1364.5501018082973,7980122,1409.0623291015625,1454.8395060221353,0.0007658021900851519
2024-10-14,1184,1367.0650634765625,1374.5849563155427,1362.8070452852592,1373.962442591221,12221432,1393.758447265625,1450.2876831054687,0.0003097665148292794
2024-10-15,1185,1338.678466796875,1366.243302159234,1335.3666207605413,1353.1207855156183,33762794,1380.5561767578124,1444.569685872396,-0.02076462740368623
2024-10-16,1186,1348.6884765625,1358.5740438069333,1332.3039628645522,1334.6695151768993,20034438,1369.525244140625,1439.4219116210938,0.007477531023245998
2024-10-17,1187,1351.0291748046875,1363.0062419523483,1346.6715786036464,1360.2671814831224,15543660,1364.4903564453125,1434.1720458984375,0.0017355366215876522
2024-10-18,1188,1353.8927001953125,1362.9814005892638,1335.9891081789099,1346.796043723323,12082452,1361.7786865234375,1429.7339396158854,0.002119514103785969
2024-10-21,1189,1363.7532958984375,1368.5342502099143,1352.3239675798945,1361.686598848784,14067408,1361.6267944335937,1426.5591227213542,0.007283144152932186
2024-10-22,1190,1338.006103515625,1370.5262455038624,1334.8935348257999,1363.7532474009167,15831960,1356.2482788085938,1422.6049153645833,-0.018879655477459623
2024-10-23,1191,1333.2003173828125,1352.0748848775756,1329.689315659354,1332.1793705575924,17214742,1352.655126953125,1418.5212239583334,-0.0035917520257832125
2024-10-24,1192,1334.4703369140625,1338.3547254831988,1317.8616212723593,1329.9633130042932,22155934,1349.5425659179687,1414.8127034505208,0.0009526096826493191
2024-10-25,1193,1322.5677490234375,1339.002111534351,1316.7410448137834,1338.1555171764887,18597496,1345.1351684570313,1409.7678507486978,-0.008919334931152934
2024-10-28,1194,1329.0418701171875,1347.6177038778262,1316.8406011796387,1331.6813526124565,10824350,1341.3328491210937,1405.1770182291666,0.004895114899429842
2024-10-29,1195,1334.66943359375,1337.856655249044,1315.0478495098762,1322.8167478889227,12008361,1340.9319458007812,1400.8161010742188,0.004234301118042572
2024-10-30,1196,1338.553955078125,1344.62966480214,1320.0776988278842,1329.6893351932274,11984423,1339.9184936523438,1396.553125,0.0029104745988790537
2024-10-31,1197,1326.7510986328125,1337.6574904459744,1320.8745447599274,1334.6694245700712,9331650,1337.4906860351562,1392.1905517578125,-0.008817617250717169
2024-11-01,1198,1333.3248291015625,1336.6116286385318,1327.6972806767253,1327.7471304089104,2127335,1335.4338989257812,1387.8404256184897,0.004954757886030059
2024-11-04,1199,1296.9700927734375,1334.6695017714562,1279.9878687625326,1332.5280301195805,19796890,1328.7555786132812,1381.7389607747396,-0.02726622615482377
2024-11-05,1200,1300.1075439453125,1304.3406373759979,1281.0336986406933,1287.8564249120313,16267479,1324.96572265625,1375.494734700521,0.002419062081197243
2024-11-06,1201,1320.0777587890625,1323.0160966964434,1295.0277806900112,1304.7888451117578,21625209,1323.653466796875,1370.0489868164063,0.015360433017062691
2024-11-07,1202,1300.4561767578125,1318.7331565363688,1297.4182609581876,1318.7331565363688,9611974,1320.25205078125,1363.797294108073,-0.014863959263467397
2024-11-08,1203,1278.6431884765625,1296.4720058402277,1269.9279963447846,1292.4879180085577,19814406,1315.8595947265626,1356.6856974283853,-0.01677333590404584
2024-11-11,1204,1267.6370849609375,1280.884225507143,1261.9598084895413,1273.8622221377802,9056552,1309.7191162109375,1348.270137532552,-0.008607642550177097
2024-11-12,1205,1269.1810302734375,1284.1712099692156,1262.4578817905294,1270.4759075040322,10671091,1303.1702758789063,1341.5527994791667,0.0012179710824313794
2024-11-13,1206,1247.0693359375,1270.3761523895544,1244.5294313213271,1265.196886863478,14633633,1294.0218139648437,1334.4885172526042,-0.017422017670066903
2024-11-14,1207,1262.5574951171875,1267.537605244334,1246.1231316976048,1248.613186761178,12612633,1287.6024536132813,1329.8611653645833,0.012419645590951989
2024-11-18,1208,1255.7347412109375,1267.8364328732807,1238.951794764919,1262.55746761959,13620611,1279.8434448242188,1325.6853434244792,-0.005403915411881233
2024-11-19,1209,1236.710693359375,1276.4021442257297,1230.236550606767,1255.734688515481,14183746,1273.8175048828125,1321.3999593098958,-0.01514973443612555
2024-11-21,1210,1218.1348876953125,1239.0014996478671,1212.407761281373,1236.7107220331202,19433843,1265.6202392578125,1315.6114135742187,-0.015020332373453904
2024-11-22,1211,1260.3662109375,1263.8024380613526,1217.586994857739,1224.509420421979,20471957,1259.6490844726563,1311.9858927408854,0.03466883977199631
2024-11-25,1212,1281.8802490234375,1299.260783408558,1277.3483005192684,1284.868314871977,28923341,1257.7914916992188,1309.1953694661458,0.017069672210535236
2024-11-26,1213,1290.545654296875,1292.687125909721,1279.0914013187908,1289.7986377983043,9247557,1258.98173828125,1306.6588338216145,0.0067599179252813
2024-11-27,1214,1288.0555419921875,1298.6632001168684,1280.8842325588682,1288.3543972122054,9572746,1261.023583984375,1304.0251831054688,-0.0019295034595612215
2024-11-28,1215,1265.7447509765625,1291.442044503892,1264.0017125526565,1284.818474176107,15027412,1260.6799560546874,1301.5940592447917,-0.017321295773564005
2024-11-29,1216,1287.0595703125,1294.3305794929802,1270.177046170391,1274.9081506356404,13202307,1264.6789794921874,1299.5397623697916,0.016839745390603067
2024-12-02,1217,1303.9422607421875,1306.133460567327,1271.9699779978703,1282.876370557777,11024152,1268.8174560546875,1297.9701985677084,0.013117256434050262
2024-12-03,1218,1318.035888671875,1321.5219654799555,1301.8006823317874,1311.7609017834461,16869482,1275.0475708007812,1296.774971516927,0.010808475462453115
2024-12-04,1219,1303.742919921875,1323.1156203515295,1298.8625094957517,1320.7251432865569,19608540,1281.7507934570312,1294.7746256510416,-0.010844142312697147
2024-12-05,1220,1316.7908935546875,1324.6593698468237,1300.9541199209712,1309.1214514378748,16858723,1291.6163940429688,1294.067451985677,0.010008087816572253
2024-12-06,1221,1306.3326416015625,1318.6334884089777,1304.7887589399247,1318.6334884089777,9037514,1296.213037109375,1293.1718627929688,-0.007942226821521237
2024-12-09,1222,1289.9979248046875,1309.7689372979064,1287.9560310594236,1297.8166732313093,14650002,1297.0248046875,1291.6894490559896,-0.01250425525373744
2024-12-10,1223,1279.73876953125,1289.7488386952925,1275.107243177966,1284.121290398709,16043729,1295.9441162109374,1290.26181640625,-0.00795284633887361
2024-12-11,1224,1273.115234375,1284.8683422637005,1270.9738844056644,1279.8882324099652,11724373,1294.4500854492187,1288.3975952148437,-0.005175693128900094
2024-12-12,1225,1257.876220703125,1273.1152845047754,1255.5853214463157,1264.9479526569407,20906813,1293.663232421875,1285.837821451823,-0.0119698620049552
2024-12-13,1226,1267.78662109375,1270.1272485556606,1234.6688884780408,1254.9877622795104,28630222,1291.7359375,1283.4789103190103,0.007878676953671393
2024-12-16,1227,1263.2547607421875,1275.904191603511,1261.511722229068,1269.9280595585296,9486781,1287.6671875,1281.3623657226562,-0.003574623896608675
2024-12-17,1228,1240.34619140625,1258.8721754853295,1237.8561365143116,1256.033537225462,17462791,1279.8982177734374,1278.263077799479,-0.018134560064890004
2024-12-18,1229,1248.2645263671875,1254.9378248920182,1235.714673937889,1235.714673937889,12670179,1274.3503784179688,1276.639558919271,0.006383971681293232
2024-12-19,1230,1225.55517578125,1239.947766097918,1224.1109925687356,1234.0712121990753,14244653,1265.226806640625,1274.1544799804688,-0.018192738883663018
2024-12-20,1231,1200.50537109375,1234.5692750261348,1196.7204388413884,1219.1309339507777,20312896,1254.6440795898438,1270.1687337239584,-0.02043955684943488
2024-12-23,1232,1217.437744140625,1222.3181546925216,1208.3738466363206,1210.1667348774333,10052824,1247.3880615234375,1267.4014526367187,0.014104370921263154
2024-12-24,1233,1217.8858642578125,1228.6429501715868,1216.1428258096823,1217.4377030050357,6734917,1241.2027709960937,1265.3762084960938,0.0003680846263756088
2024-12-26,1234,1211.7105712890625,1222.8161189414398,1209.4196721335327,1219.3798917928577,10016178,1235.0623046875,1263.5119913736978,-0.0050705022120551835
2024-12-27,1235,1216.1927490234375,1223.0154756156849,1212.1588111658666,1213.4536884394554,7000397,1230.8939575195313,1261.7457153320313,0.0036990497900886155
2024-12-30,1236,1205.8837890625,1218.3340640862093,1203.294156174512,1211.5611874241417,8818766,1224.7036743164062,1260.3728637695312,-0.008476419522493672
2024-12-31,1237,1210.6148681640625,1214.2503727116298,1201.3519366916562,1203.1945530395503,6405475,1219.4396850585938,1258.6414428710937,0.003923329216690696
