Price,Close,High,Low,Open,Volume
Ticker,RELIANCE.NS,RELIANCE.NS,RELIANCE.NS,RELIANCE.NS,RELIANCE.NS
Date,,,,,
2020-01-01,675.32421875,683.1529137163456,673.490123328754,679.0819971118469,14004468
2020-01-02,686.8212890625,689.3488518479688,676.3979593733322,676.3979593733322,17710316
2020-01-03,687.6488037109375,689.6618949086101,681.3187290426969,685.7922517653002,20984698
2020-01-06,671.7006225585938,683.5107049345103,670.1348718060082,679.9766568901101,24519177
2020-01-07,682.0345458984375,686.4633346701793,677.0688889990518,679.5293205694625,16683622
2020-01-08,676.9124145507812,686.4410035098094,675.5032624964547,677.7400241132464,16047902
2020-01-09,692.5025634765625,693.3972440896104,685.0094043047601,688.2974451452224,14982742
2020-01-10,692.3460693359375,696.9537946408119,688.7672268918529,694.2472957890357,12478359
2020-01-13,690.5789184570312,697.2892020163699,688.2079551828986,691.1828577141231,18282382
2020-01-14,684.181884765625,693.3973351908096,680.8043754201078,688.9238120878065,15816535
2020-01-15,681.6990356445312,688.8790573291237,679.1938699492092,687.0672990416617,15817859
2020-01-16,687.9843139648438,690.4224084594933,683.55552505049,684.0029251254354,12847975
2020-01-17,707.2652587890625,709.0322829800654,694.8288390890643,694.9630411899628,29463471
2020-01-20,685.5015258789062,719.7911481994419,682.839761284159,719.7911481994419,32545850
2020-01-21,686.1950073242188,691.5408742450458,680.8714775601642,683.8240435553602,18922720
2020-01-22,685.9487915039062,691.9433305465104,684.942245991995,690.7131148902863,10322817
2020-01-23,683.0411376953125,689.796156393504,680.2899048582964,687.3580618125278,11247739
2020-01-24,680.6701049804688,687.2909208972738,679.3280242942884,683.1081395891008,14628445
2020-01-27,673.9598388671875,681.9674704241261,673.2664314282462,677.6952802850295,13387750
2020-01-28,658.3919677734375,675.5032444510476,654.7460541997162,674.8769082130656,24532236
2020-01-29,662.0154418945312,668.5243925324733,654.9472262974796,659.4207487202938,24746565
2020-01-30,645.8660278320312,661.9483606637074,644.1884717288344,661.6352224321117,22402689
2020-01-31,631.5060424804688,650.115939458839,629.5153479649114,650.004074503463,34750310
2020-02-03,619.8076171875,626.271893069165,609.7645594525795,612.8289298623996,30712290
2020-02-04,638.1044921875,640.8333280510134,625.3101998110101,626.2943485822723,25383901
2020-02-05,647.9909057617188,649.9145288544571,639.849132797698,641.9068982608502,18472100
2020-02-06,652.1513671875,656.267018049872,644.2332634474068,650.496207815146,15538577
2020-02-07,641.3478393554688,649.7133433335028,638.9544787429636,649.1094039600182,12209212
2020-02-10,642.2201538085938,646.6489428047836,630.9692153123326,638.8202476362594,15142476
2020-02-11,649.8922119140625,655.9090886918525,646.4475719077193,647.4988515504008,13999816
2020-02-12,657.7432861328125,659.7787743619559,650.8987994375913,651.4132707150139,13533565
2020-02-13,659.465576171875,661.076061195236,654.2986456938107,661.076061195236,13565659
2020-02-14,665.482421875,671.6782343336056,650.0487037471439,660.8523004641426,21227841
2020-02-17,661.2996826171875,673.7808361092095,659.5326584603905,666.1087404521531,13149130
2020-02-18,656.4459228515625,660.248435272722,651.9723999060855,660.248435272722,11127161
2020-02-19,672.7295532226562,673.9150349477495,659.8905275306022,661.7917537765035,14084409
2020-02-20,664.744384765625,674.6085086758875,663.7825731086709,669.6876451612479,16892268
2020-02-24,646.4027709960938,660.7404153655295,643.987073728272,657.4971087066476,21370214
2020-02-25,633.6309814453125,649.2883120922913,630.7678836964259,649.2883120922913,27745062
2020-02-26,622.7155151367188,631.8191601622372,620.6353526146177,630.7678804610105,29362748
2020-02-27,620.1432495117188,623.5207586374837,612.4263599498594,620.9260652375485,25054993
2020-02-28,594.3756713867188,607.0581581658521,592.7428492925397,606.1186837322065,39315769
2020-03-02,588.78369140625,612.4262510838603,582.0510115058373,606.2080423411206,29500495
2020-03-03,600.7280883789062,605.6713484615526,591.4007735026032,594.8454135797672,27398798
2020-03-04,599.3189697265625,605.6266480626504,585.0931280116588,604.821435403794,22105261
2020-03-05,586.547119140625,607.4832471398267,584.2432264899035,604.9109502487335,30510390
2020-03-06,568.5857543945312,576.2579099445863,555.2099199542964,568.1384140570675,33734039
2020-03-09,498.4184875488281,555.1652260313806,489.8516805673975,554.7402228175777,88187018
2020-03-11,516.0441284179688,527.1832005807552,495.6671803789598,495.6671803789598,59578576
2020-03-12,475.5363464355469,492.5357574215292,469.13920029845366,485.3781326945414,55970485
2020-03-13,494.4593505859375,509.982477758339,421.5855519763993,446.45836059532905,73297403
2020-03-16,454.3765563964844,483.00714524632815,449.58986531183916,474.4403385952524,38482258
2020-03-17,450.9319152832031,474.19426900063905,448.78462201274766,468.49050072051966,45445979
2020-03-18,433.2615051269531,463.41311163950786,429.9063628131876,458.6711544738802,44730415
2020-03-19,410.53594970703125,432.5904563115507,399.128442171934,411.60959642106957,61404010
2020-03-20,455.3830871582031,462.9657149231966,416.03836966442924,420.2882223245293,63360475
2020-03-23,395.4825439453125,424.98547763271785,391.7247653699988,409.86492511955976,40670949
2020-03-24,422.032958984375,433.93254185914833,400.7389591466198,416.03841857668414,45734887
2020-03-25,484.14788818359375,515.1494403179707,430.91289363718744,431.15893082862937,73130298
2020-03-26,476.9678649902344,499.6486775382283,466.2984990986507,490.20952746231364,45744488
2020-03-27,476.6994323730469,495.3540612398386,468.02079126607595,489.8516259919914,41657940
2020-03-30,460.9749755859375,480.81508630927294,456.30014975804846,465.51562917935905,30229866
2020-03-31,498.23956298828125,505.4195552653473,468.8260968406911,480.4349081941597,44292810
2020-04-01,483.3426513671875,503.093264271414,467.5734569491014,502.0419846435416,41597459
2020-04-03,482.0006103515625,507.49975757793965,472.53909292167856,507.49975757793965,41367807
2020-04-07,539.5525512695312,543.0865994063779,492.0883712024452,493.0278157060707,54373624
2020-04-08,533.31201171875,549.7970116946221,518.9296308909336,527.8766770166352,49880330
2020-04-09,545.7484741210938,551.4969475185908,533.6923219689452,543.0867091790553,33032857
2020-04-13,531.969970703125,543.534047096568,527.8766572382242,538.590786977077,23673784
2020-04-15,514.388916015625,552.9283884903713,511.32454531609477,535.50397581859,35321842
2020-04-16,522.5308837890625,531.2095269171233,512.2194182504446,514.3890491699482,37455706
2020-04-17,547.5601196289062,550.2442808995188,533.535612903734,543.9813374764348,33269335
2020-04-20,556.4177856445312,562.3227974116861,537.7184224485133,548.4548889228998,36030932
2020-04-21,553.5324096679688,560.0860954670951,520.719067459836,541.2972622124873,61371628
2020-04-22,610.0106811523438,619.5393292310587,581.5590584712065,590.5061043699907,142683366
2020-04-23,613.2764282226562,619.964375961398,605.4029986108286,611.6883400063555,65464502
2020-04-24,633.8993530273438,668.7705176942633,602.6741016877038,603.9937855419026,134986308
2020-04-27,639.6031494140625,659.8458688421625,636.5835122845931,641.5043758770541,58482901
2020-04-28,638.8873901367188,651.1000807620374,622.7826591494636,648.6620459031445,78453401
2020-04-29,638.3504638671875,650.294808910519,635.2413590168171,646.3804914740855,37494672
2020-04-30,655.8197021484375,668.7705945819996,643.3162098274911,650.4291011653437,71345899
2020-05-04,642.0411987304688,655.3722993617022,634.100638844068,644.1884921115068,53456868
2020-05-05,653.42626953125,661.6352335022636,647.409392668105,650.3172243173109,44903763
2020-05-06,653.4710083007812,664.2969422025669,646.6488596777011,654.9248941405343,40489094
2020-05-07,674.1387329101562,677.1360326646604,646.4252520396666,650.8987749292127,50026966
2020-05-08,698.6760864257812,706.7731256998821,687.6264217526766,691.1605298647231,84262770
2020-05-11,705.3864135742188,722.4752932861393,703.3733222103791,706.8179027396051,67085063
2020-05-12,661.7470703125,701.6062908611085,655.372320874391,700.0181429966896,100683202
2020-05-13,675.7871704101562,689.5833490177412,656.6169951579172,689.5833490177412,66430125
2020-05-14,648.4657592773438,675.9000855316069,645.8013667337839,663.3909205122524,49266771
2020-05-15,659.0556640625,662.3523056062347,639.0500542508714,652.101104371265,62152260
2020-05-18,650.6334228515625,669.2616544401022,644.875632962838,663.842565100716,62796089
2020-05-19,636.2501831054688,660.0943806330317,633.6987303989603,657.9718729953,42315854
2020-05-20,647.44970703125,653.3881649537279,629.0698124523583,636.7469251931129,55320985
2020-05-21,650.8592529296875,659.981412669229,643.5208404585119,648.0367682176926,39167981
2020-05-22,646.478759765625,658.4234038155449,644.1982199074185,655.6235549779989,37828973
2020-05-26,643.091796875,654.6751640177939,639.5919112653286,653.9751868958597,33216635
2020-05-27,652.8012084960938,656.6171597702648,637.6502239709507,646.2305001855196,35667956
2020-05-28,664.8585205078125,668.2454658354499,654.3589840196363,657.0685283367451,40126278
2020-05-29,661.3135986328125,664.7456963541632,656.007389810822,662.9393134152917,40022527
2020-06-01,686.5802612304688,694.7089545568629,666.5295002853659,668.358459270055,39943702
2020-06-02,693.5121459960938,695.4540448662401,686.7834072832798,689.1317348245016,22153960
2020-06-03,696.19921875,704.4859445214847,692.4509368094127,697.712053268636,25381289
2020-06-04,713.427490234375,717.8079613810611,695.905665372641,697.2604077785676,34202350
2020-06-05,714.2855224609375,730.6783659768879,710.6727564801458,720.291708575871,33076685
2020-06-08,708.7760009765625,730.8589637156836,706.7438576363093,730.8589637156836,31414953
2020-06-09,694.1670532226562,714.8726404733965,692.29294201313,704.6214390965813,25857161
2020-06-10,709.9728393554688,713.3146329578219,695.4766830422209,696.8540015463917,22132647
2020-06-11,694.41552734375,708.0761923913428,691.3898578032909,707.1956066885294,20385805
2020-06-12,717.4918823242188,719.3885695925972,676.0355556331963,677.3903578499011,38548899
2020-06-15,729.1204223632812,734.7201801016447,704.9827364804711,706.7439674657269,53107403
2020-06-16,730.54296875,744.4746053701579,715.9112952066059,741.9683047604242,51187003
2020-06-17,729.481689453125,738.5586972066078,723.4980791176175,726.2753520321108,41782053
2020-06-18,747.793701171875,751.9031997400788,725.0785489207035,725.7107978465832,40471557
2020-06-19,794.5337524414062,807.8105634275437,750.5485488531187,754.1612552518901,105804173
2020-06-22,788.5501098632812,814.7650899304879,783.5148135515716,800.8560305108304,60198705
2020-06-23,777.1473999023438,796.4981855618333,774.9797401799827,790.2887548472605,37962078
2020-06-24,780.2860107421875,800.5400194053335,772.9928093188526,783.9213532874984,51586221
2020-06-25,775.7926025390625,789.8371789860777,773.6023667469223,779.9021017250843,39679374
2020-06-26,786.5179443359375,791.191964274281,775.3861571652835,780.7150021666101,30921913
2020-06-29,778.1635131835938,785.6599583746296,774.7314151012546,780.3763250508288,25621946
2020-06-30,769.560546875,786.2243018289918,765.6993848508981,784.4179786955026,30276420
2020-07-01,784.68896484375,789.8371415415186,771.3443662186169,776.7409392467646,28464103
2020-07-02,798.19775390625,801.4851428535685,786.7259244633,790.3307243392775,28789533
2020-07-03,810.6897583007812,813.0023064997346,801.6664846343106,807.0169546549783,29434266
2020-07-06,839.6640014648438,842.4752438841282,812.5941218966552,818.4434059167284,47016185
2020-07-07,826.8092651367188,845.3546275122593,819.032966945957,843.3822180562978,35189589
2020-07-08,815.2694091796875,832.0236438535034,811.6419416064408,827.0812567649883,26204095
2020-07-09,827.1719360351562,832.0463193953086,809.9415548565688,820.257139626406,36418942
2020-07-10,851.566650390625,854.5366284923592,827.1720037016764,829.0991372532924,43759967
2020-07-13,877.3895263671875,883.1480789947044,861.519399808991,863.0383906975433,69608392
2020-07-14,869.2277221679688,880.4274760561808,855.7608159923657,876.9360759259316,67331128
2020-07-15,836.127197265625,897.2497559791088,815.2694086530637,878.7270634112394,139669773
2020-07-16,835.855224609375,847.463061457531,821.8214999600007,837.4875551151266,60961724
2020-07-17,866.8245239257812,870.5879989548259,833.4066071401047,836.5806561826539,49726765
2020-07-20,870.5426635742188,876.0292010321696,861.3607145700907,869.5904907729887,36592938
2020-07-21,893.9623413085938,896.4335647635958,878.0696081666921,879.2031842537095,42173371
2020-07-22,908.67626953125,911.3968402873401,889.0426683207968,899.1541819328522,59771457
2020-07-23,933.0708618164062,943.0009721388485,902.9403320698102,908.6535486923683,58333751
2020-07-24,973.1315307617188,980.771821076851,933.0708895039387,933.1615612066566,120597372
2020-07-27,977.6885375976562,997.0047292904097,964.8564523008031,987.9361194684092,80304827
2020-07-28,987.437255859375,994.8281988813131,975.1719293046234,977.688488793748,55114422
2020-07-29,950.6866455078125,989.7497164572247,938.806733983119,987.5279599955765,72663399
2020-07-30,956.2185668945312,970.2068959629854,939.5096069794463,951.7522658851112,72857444
2020-07-31,937.2877197265625,965.3551074174673,930.8036739652497,958.7803899595893,74958061
2020-08-03,910.9434204101562,932.7081063612384,908.2681255398212,930.1235431581412,46715383
2020-08-04,975.1492919921875,982.5855710982528,906.9759241686489,916.2032692730761,92041055
2020-08-05,964.1989135742188,995.7350350128565,960.5034420662862,983.4924363615606,74549993
2020-08-06,967.6676635742188,982.9029683593162,955.7424156591269,978.0512526670176,49322975
2020-08-07,973.2674560546875,978.4139143017511,961.3649370691895,965.7178380803712,32984416
2020-08-10,961.2062377929688,981.6786719644749,955.8784359553779,979.0034370833714,26958997
2020-08-11,967.5316162109375,979.4115277857607,952.3643158271037,967.9850346750636,46828306
2020-08-12,964.7203369140625,972.6100942320181,955.2889807683499,961.727691023823,30264617
2020-08-13,962.2037963867188,969.8440862641454,956.7399270901238,964.901699164418,24830322
2020-08-14,958.4630126953125,978.0512181796919,947.331262509623,962.4304992398274,33224635
2020-08-17,948.2835693359375,954.4728728160779,938.6481413156387,954.4728728160779,30979066
2020-08-18,960.6168212890625,967.7583570068861,944.2026051100721,945.4041850307872,30547672
2020-08-19,966.5114135742188,976.6909912734272,961.8864371354927,970.7963711289713,34087543
2020-08-20,950.8680419921875,963.0426971858464,946.7644877423543,961.2742991196269,22537845
2020-08-21,943.975830078125,962.1811114690666,941.7766816436981,960.3673777103614,25280895
2020-08-24,950.278564453125,954.2460509640609,938.8294034471639,948.3061551600297,32717218
2020-08-25,944.0892333984375,957.3294607463159,942.2301636663344,954.9262408658594,19388008
2020-08-26,969.11865234375,973.9477001185352,928.1738418761494,945.404223995661,59870421
2020-08-27,957.0120239257812,974.8772272109728,953.6792992534803,973.9703303109421,28085062
2020-08-28,959.5285034179688,967.1234569866326,955.0395350457942,961.2741733617809,27166900
2020-08-31,943.4544677734375,985.7595929976718,934.2271229260566,985.7595929976718,62076132
2020-09-01,946.4243774414062,962.362446519786,935.1565603111148,952.205597527122,38616258
2020-09-02,964.992431640625,969.4360647157956,945.4042254030269,948.5782147606872,26949439
2020-09-03,957.6922607421875,969.7761846883416,953.5660384214475,964.9018008480825,18586429
2020-09-04,941.8900146484375,950.8226158672919,939.6001945341707,944.746652794342,28475945
2020-09-07,944.338623046875,954.8128835439741,926.9268380792043,944.950776960414,21926473
2020-09-08,955.4249877929688,961.7276301292338,943.3636733262639,948.5781353786673,27397082
2020-09-09,980.0236206054688,982.948262646231,943.7944599093832,945.4041824088742,55310877
2020-09-10,1049.239990234375,1063.2737150092375,986.3716977544623,989.8858259136236,140304404
2020-09-11,1051.8470458984375,1060.0541533856804,1037.0426132778334,1048.333038061574,59470807
2020-09-14,1044.0482177734375,1070.0978626809967,1034.7301409572988,1054.2277957192978,44063445
2020-09-15,1051.4390869140625,1054.5677402462597,1037.5187024549093,1048.3104335818653,27178393
2020-09-16,1054.0234375,1074.3371332294498,1047.6754600565869,1051.9602968564543,33952295
2020-09-17,1042.3251953125,1058.17259404091,1039.1964218842008,1051.9605029718427,25828669
2020-09-18,1045.4764404296875,1051.7110790333331,1032.2588818564082,1049.3532551234189,33074915
2020-09-21,1022.8729858398438,1059.2154272970997,1019.0187188937507,1042.8918823662696,33627381
2020-09-22,1002.6045532226562,1032.4629482711289,998.2515919553894,1032.4629482711289,34792254
2020-09-23,1011.5144653320312,1032.349647647501,999.9520239691242,1024.7546930361625,42988708
2020-09-24,989.0242309570312,1009.337868735385,986.6890150583746,1001.130821092991,29826318
2020-09-25,998.319580078125,1003.3526989604931,982.7215890510984,992.561027630643,28374935
2020-09-28,1004.9170532226562,1014.7792199657465,1000.7454952765087,1009.7914367963479,19666849
2020-09-29,1017.9757690429688,1026.5682312030854,1004.9169464432822,1008.8844926380805,25842539
2020-09-30,1013.1242065429688,1027.928640481229,1008.8845849148897,1024.7546512095244,24465159
2020-10-01,1008.9979248046875,1026.4776536649397,1003.8968020817645,1026.4776536649397,20783227
2020-10-05,1003.0806274414062,1019.8348626021702,1000.2693849664739,1017.4997065200467,18922799
2020-10-06,1002.2417602539062,1012.9200316663944,998.2968817912705,1008.9978810960307,18412175
2020-10-07,1023.6211547851562,1046.9728362062017,1006.6174520301325,1013.4189091449191,53170865
2020-10-08,1015.3460083007812,1028.3822254886384,1007.569709792054,1024.301278914029,21077808
2020-10-09,1012.716064453125,1021.5806624419674,1005.3024535496829,1013.4188900706193,18545499
2020-10-12,1014.348388671875,1022.8275119437076,1009.4513972409951,1013.4188838080661,14226473
2020-10-13,1034.1407470703125,1036.4305673579886,1009.2699549272937,1011.423767661742,23112012
2020-10-14,1037.2239990234375,1044.7056133384592,1028.608748631058,1033.3245163972065,26742011
2020-10-15,1000.4960327148438,1038.3575230267356,995.2815705789496,1038.3575230267356,20036197
2020-10-16,986.57568359375,1012.2851869024872,985.1473645281419,1004.3502142447803,21583600
2020-10-19,986.7570190429688,1010.5621766967382,977.2123240387696,993.0370533155368,31200385
2020-10-20,977.552490234375,994.3747895538761,975.8974318290545,988.0267509433463,18482288
2020-10-21,963.360107421875,993.9213889927784,951.1854522370077,983.0390454596967,34082321
2020-10-22,955.3568725585938,966.942040062599,948.1246658276176,964.6295521399456,30802210
2020-10-23,958.1229858398438,968.075764596618,950.573367065108,954.9262685377893,23422125
2020-10-26,920.0572509765625,953.0896904842623,915.250871932962,953.0896904842623,37324416
2020-10-27,922.5059204101562,934.0003573150689,909.129685940206,922.6872638083931,36478896
2020-10-28,912.0542602539062,933.0254473288481,910.2178586428503,925.8158484232022,29924017
2020-10-29,919.059814453125,925.9066672658702,902.7816655110513,905.5022363151312,30655304
2020-10-30,931.5745239257812,936.3809035347286,916.7473024873174,922.0524364064571,34021563
2020-11-02,851.2945556640625,919.1051761545775,842.9967754989971,919.1051761545775,99366895
2020-11-03,839.0291748046875,865.600239943717,832.0917105106013,856.9850494031045,88691623
2020-11-04,867.504638671875,874.6689020903103,832.953205081128,832.953205081128,80180117
2020-11-05,886.4581298828125,889.1560327894556,876.0292050636682,886.4354619573483,37205373
2020-11-06,920.0800170898438,924.9997362683603,896.955016187128,902.3282137896616,66674086
2020-11-09,929.8514404296875,938.1492199552745,923.1859913130511,935.0205666821017,35838510
2020-11-10,945.2000732421875,947.671296720315,925.5438649087239,941.7766770254419,36934242
2020-11-11,905.5928344726562,949.9384288213167,896.9323084725518,947.217858238175,56724780
2020-11-12,897.7938232421875,910.6939707303043,890.9923666961812,898.2473016530297,40046527
2020-11-13,905.2301635742188,923.4807818666762,898.5874420075651,898.7007816340105,45388670
2020-11-14,907.9054565429688,913.8000769836483,904.7541349819926,913.6187335697492,5226220
2020-11-17,903.8018188476562,945.4041769988106,900.0610116001939,945.4041769988106,46542562
2020-11-18,901.05859375,909.8098520291383,888.7705994600573,903.8018324500739,30402290
2020-11-19,894.6878662109375,911.6008364153229,892.4433818817643,901.0585724391551,27796343
2020-11-20,861.292724609375,899.5169641211087,859.2522514859126,895.5267495451352,57471248
2020-11-23,884.5083618164062,893.2595600473776,873.4219475565428,884.644369365096,45327567
2020-11-24,890.5617065429688,895.0733434410346,876.0292271989675,890.5390386169317,30936268
2020-11-25,883.193359375,903.6657931642695,880.654192057057,897.7938413094128,32637879
2020-11-26,885.3698120117188,890.9923565552566,875.1449593853476,885.5738832910803,25838637
2020-11-27,875.0316162109375,886.956863707273,871.2228051404243,879.8833317328676,47336811
2020-12-01,886.4127197265625,891.5591779283297,875.1449626736697,879.8152745444881,19750687
2020-12-02,887.8864135742188,889.6321436054803,877.3894853981996,888.0450890461269,22188887
2020-12-03,890.5617065429688,898.2927286508155,888.1131507545629,894.1665064634373,27785372
2020-12-04,882.7173461914062,892.806192431299,879.6566964271353,892.806192431299,18464552
2020-12-07,887.9090576171875,890.9923750186222,879.9286890581647,879.9286890581647,18242188
2020-12-08,904.028564453125,913.3239128258733,884.1909519390108,889.2467387240156,43403061
2020-12-09,919.08251953125,922.1885651259229,906.5225094998519,911.3742252800819,29175254
2020-12-10,910.03662109375,919.7853889706613,907.3160500501625,916.6567352689389,16065507
2020-12-11,909.4924926757812,924.0929759507371,895.1866924423914,912.7571538037538,26944202
2020-12-14,902.9176025390625,913.6639373326992,900.6731183081919,910.467220412345,17312747
2020-12-15,895.2320556640625,902.1921882018914,889.2240359631435,902.1921882018914,18551265
2020-12-16,896.2294921875,904.5726673464999,891.3097731763147,901.421286250231,18561011
2020-12-17,900.3330688476562,909.1296626703094,896.5015899774218,899.8343145472157,20252358
2020-12-18,903.031005859375,909.0843613071538,890.9924186751066,897.8392714360722,18466344
2020-12-21,879.5205688476562,916.8379694209409,841.2283275836958,911.3968279822237,44135540
2020-12-22,878.160400390625,888.2265790134423,856.2823129435187,883.7376098965668,28140001
2020-12-23,881.40234375,884.8484079017386,870.8826879671385,875.1223093610237,19501410
2020-12-24,904.2100219726562,906.3184389463692,882.3319351071959,882.8306894509022,20776988
2020-12-28,908.35888671875,915.0243362502358,904.7314189530317,909.900545527166,17221499
2020-12-29,902.3509521484375,912.439798429375,898.9501635431251,910.9434754302608,18611939
2020-12-30,904.8221435546875,910.1272779921743,895.7762015051192,904.7088039204003,22043630
2020-12-31,900.1970825195312,912.2583374556028,897.1591008607796,903.9152218564029,18781189
2021-01-01,901.1947021484375,905.5022677403856,898.7008105101149,901.4213814086115,10015175
2021-01-04,902.713623046875,906.3636985650919,892.3527025549105,904.6406964491767,24513534
2021-01-05,891.4912719726562,899.4263054198029,886.9115713255545,892.8061915878011,24123091
2021-01-06,867.9808349609375,891.4458559107388,863.8546128646693,891.4005200596658,46401468
2021-01-07,866.5751953125,881.9238397966232,863.8546244352824,870.814757093236,32325918
2021-01-08,876.800048828125,878.9311936650147,867.0059456976594,869.6811807226603,27540187
2021-01-11,860.2724609375,879.1125050229124,858.1186482532938,879.1125050229124,33307825
2021-01-12,887.3876953125,888.7252828199374,861.4740587259083,862.87970997784,41161546
2021-01-13,879.1124877929688,895.5040358477936,869.8852032617441,890.3349094942321,26619458
2021-01-14,888.997314453125,891.8539526683576,879.225879879633,881.9237826562116,21553242
2021-01-15,878.5003662109375,894.9825854452455,870.6106693815333,888.9972940596249,20593268
2021-01-18,899.5849609375,905.5022489944743,872.1070575050039,883.7828981720585,35100458
2021-01-19,914.298828125,920.9188817318542,904.4366615381475,904.4366615381475,32006615
2021-01-20,931.6652221679688,933.1615451092317,907.4973158868203,916.5659852036083,30924537
2021-01-21,951.93359375,961.2742782497206,940.8699070414725,944.0438963533106,39087742
2021-01-22,929.3527221679688,959.165840987856,922.8006124178714,957.1933717044934,30532660
2021-01-25,880.110107421875,922.7099765082173,876.0292211149126,922.7099765082173,54207104
2021-01-27,859.2522583007812,872.8552326609131,856.0782689298538,872.8552326609131,42370131
2021-01-28,850.8865356445312,872.0844660705677,847.9165573927713,852.5188662993975,34067814
2021-01-29,835.1976928710938,867.4593064405973,829.7791594362084,858.9347876285253,43712383
2021-02-01,859.3883666992188,863.7866041822916,837.9410296272273,843.1101565318523,34180952
2021-02-02,873.218017578125,879.6567282728388,841.092407917175,867.9808869129354,41470034
2021-02-03,875.4171142578125,885.0978176672972,861.5193971120666,874.3515418529886,30301696
2021-02-04,872.5377807617188,879.656648554206,863.7865225405493,872.4017132446297,25626981
2021-02-05,872.2883911132812,881.7651430554548,870.5880568440388,875.1450294447208,20248046
2021-02-08,884.8484497070312,892.8061507159327,874.691600163488,876.5052740367894,21183400
2021-02-09,886.9795532226562,902.1468540671391,885.2338830875444,889.6095123241837,19604141
2021-02-10,895.2093505859375,899.9477267102546,873.8980819416108,885.8913937556059,21234156
2021-02-11,932.1185913085938,935.9727980522624,894.2797692311354,897.793837177367,42539278
2021-02-12,925.7252807617188,942.2301692248576,913.8453687465834,932.027983547643,30497029
2021-02-15,921.6443481445312,934.6578356915304,918.1982839074868,928.6498762091927,15791099
2021-02-16,933.8416748046875,942.8649480322981,922.7325927047402,924.8864053509033,21421660
2021-02-17,944.6106567382812,950.3692089797069,929.8061035808391,934.0683329596526,23742994
2021-02-18,937.5597534179688,956.0143812893422,933.6602109891347,945.4041141538684,18646877
2021-02-19,943.2730712890625,954.4501576444582,931.030412526974,932.7081388605912,23403483
2021-02-22,910.5352783203125,947.6260001116775,904.5727145749872,943.1370313830363,23804335
2021-02-23,917.4954833984375,930.8490501461664,913.0291825324456,928.6272336757321,25644108
2021-02-24,934.5217895507812,936.4488628942796,918.7196681979915,920.4653981529497,10807663
2021-02-25,972.3153076171875,975.7840397521635,939.9629623775807,941.3232777095965,34855693
2021-02-26,945.7669677734375,967.57699044691,938.9201148180857,959.9140321981981,37481215
2021-03-01,952.9765014648438,957.6468737146039,935.2019693603648,956.8306484903325,17680764
2021-03-02,954.9262084960938,965.8085514456496,947.2632505723379,962.1811437745009,17150760
2021-03-03,998.5009765625,1006.572077071357,955.4703590572257,961.750393670414,31924461
2021-03-04,986.5984497070312,992.9918242849485,978.3686732860034,988.4801874020635,21435754
2021-03-05,987.890625,1002.9672532884404,976.260120871694,977.5977682721734,25511666
2021-03-08,993.5133666992188,1012.0133338386485,983.039105165261,983.2657844385993,19506841
2021-03-09,993.4905395507812,1003.8061245628406,973.3355758572837,997.5487577867862,15154484
2021-03-10,989.3642578125,1004.3955499162571,984.0591241137868,1000.7227465962088,11519358
2021-03-12,969.2546997070312,1000.4507422731192,963.0426687169551,995.2816157511662,16864952
2021-03-15,956.2411499023438,974.378367439583,943.3636702802955,970.3655452396614,16698099
2021-03-16,952.4776611328125,963.9948252863043,950.1651731263198,958.5536241227466,13873801
2021-03-17,931.9599609375,953.5659717866566,922.7779520359184,951.321487384943,19210236
2021-03-18,910.9888305664062,945.3135885679565,907.3160267693697,939.9177225056251,20647480
2021-03-19,944.0438842773438,950.3239190123003,899.0635245309819,902.7816639429236,41787429
2021-03-22,935.1566162109375,940.4164143959771,921.9164490477823,939.0561589834671,18572478
2021-03-23,946.5377807617188,956.6039587366939,932.2547090305418,934.9526119187763,17421165
2021-03-24,928.309814453125,943.0236364808284,925.1811610696235,943.0236364808284,16822814
2021-03-25,902.9856567382812,931.3477881428614,900.0610147041692,931.3477881428614,22001648
2021-03-26,904.4366455078125,913.0745041101142,894.937285828174,912.3036747318539,20180202
2021-03-30,920.1480102539062,929.0352757477536,903.0309690022071,910.4899154033928,20441701
2021-03-31,908.2681274414062,929.4887232737643,906.40905776399,915.0243084377211,16250796
2021-04-01,916.7699584960938,920.465429845356,908.2907755247039,915.0242884490825,11723312
2021-04-05,903.5071411132812,918.1982951252521,889.677488179083,918.1756272004715,14875099
2021-04-06,899.7437133789062,909.107066008566,892.8061886370579,908.6763154469585,14009194
2021-04-07,908.15478515625,928.1284651595439,903.8245518752842,906.8625335398098,24266353
2021-04-08,909.288330078125,916.8379481306634,903.6884533297169,911.850225266319,15369188
2021-04-09,898.7235107421875,909.7418622564089,897.7939458378843,906.159790104371,14037885
2021-04-12,866.5751953125,889.3601188333347,861.632807894605,888.271878488836,20901482
2021-04-13,875.9385375976562,879.9287521472845,869.6131669055775,872.4017415275625,19411189
2021-04-15,881.6063232421875,889.1786089267097,867.4139245804644,873.4445516203328,19723716
2021-04-16,876.0745239257812,884.1456245317884,873.5126286216039,878.1149969863354,15656948
2021-04-19,862.2902221679688,868.9556716698464,856.985088064207,863.3331266419872,18478808
2021-04-20,862.0408325195312,870.1345408290238,857.1891171314771,866.2803940149797,17203668
2021-04-22,864.4213256835938,868.0714611843059,850.9544197704057,858.0052836359382,14490954
2021-04-23,863.4918212890625,870.0892067348701,859.4109352555885,864.2399827290652,11828857
2021-04-26,878.6817626953125,889.6321696188024,866.7338471259807,870.5880540621903,20846778
2021-04-27,901.7161254882812,905.5929405224553,878.8631979839778,879.6566953316482,19992524
2021-04-28,905.6382446289062,910.4899602170952,897.861946907099,905.8876517747103,17122437
2021-04-29,917.7676391601562,927.0403205523227,910.1726842149145,917.246156900355,17412606
2021-04-30,904.36865234375,923.1860285256435,901.2173310194296,910.7166908105166,19828769
2021-05-03,888.2945556640625,897.340497401844,881.0623478526642,891.4458771331132,23640186
2021-05-04,869.0463256835938,892.2620588404909,866.5071582786076,884.190958253908,21849830
2021-05-05,870.6333618164062,878.9764773257763,865.1694924935965,872.1070167804479,12393609
2021-05-06,875.5758056640625,877.3895395810054,864.51205875474,871.4269155650811,14624666
2021-05-07,875.915771484375,886.7527777675398,873.3085405592442,878.6363420246701,12288548
2021-05-10,873.3993530273438,882.740038023686,871.0188609169002,879.2033017480504,13941237
2021-05-11,876.5506591796875,878.9991548596583,866.0536709526697,868.320883202796,13478264
2021-05-12,867.4819946289062,876.4372641804301,864.6934200952072,875.1676804843173,13177961
2021-05-14,878.4324340820312,880.563518938135,864.2400338075389,874.2381482108096,13291616
2021-05-17,888.8839721679688,890.2895633789483,875.3036666921718,878.4323799585411,11873078
2021-05-18,901.3987426757812,908.0415246390668,894.3932139164108,898.2474211128352,12064918
2021-05-19,905.5248413085938,914.32143492012,894.1664125157001,897.7938200130252,16317002
2021-05-20,900.2423706054688,911.8048706158811,898.2472934944823,905.9102510089941,11422532
2021-05-21,908.0187377929688,911.2153947907652,900.514455659808,903.235026290113,10785605
2021-05-24,900.3558349609375,911.3062425850612,898.7008364416796,910.4900173207081,8551760
2021-05-25,890.153564453125,905.5022080454436,888.7252453359569,905.2301329831129,14780102
2021-05-26,893.2822265625,897.5671839561246,891.1284738713696,895.5267109206686,7480204
2021-05-27,896.0255737304688,903.6885320706949,889.7455387788042,893.3956745411289,26819294
2021-05-28,949.8478393554688,954.472815743996,902.3282518740783,902.3282518740783,56469931
2021-05-31,979.5474853515625,993.7852201877816,945.4268031702701,953.1124286476038,59124142
2021-06-01,983.447021484375,998.4555855632798,973.290112651038,982.1320420491826,28013832
2021-06-02,998.1156005859375,1001.856407995626,978.0512481274061,978.0512481274061,24630162
2021-06-03,1001.9243774414062,1020.220331233519,995.7804103170117,1007.0707759680465,23974257
2021-06-04,993.2412109375,1005.007723278059,990.4072405064371,1004.2595618006808,14468646
2021-06-07,1009.9727172851562,1016.5928305525485,990.747259262441,998.4556127916534,16336573
2021-06-08,1004.1688232421875,1009.8593716828784,996.7098768905071,1009.6100245190582,9674735
2021-06-09,986.2130126953125,1007.0708023507111,978.4819907883092,1006.1639653966724,11409161
2021-06-10,989.8404541015625,1011.1517216348074,987.3692305170946,994.5561020859403,14155653
2021-06-11,1007.0098876953125,1013.766875641892,991.9717457006176,993.24581569042,13762778
2021-06-14,1021.4564208984375,1027.530819009634,998.7740423359074,1007.8515792569079,20332436
2021-06-15,1023.7770385742188,1035.106825043558,1019.3634081270661,1028.7822100785202,15174215
2021-06-16,1006.3045043945312,1022.4346788679379,1003.6881840170562,1021.4564397057088,10797349
2021-06-17,1008.1473999023438,1016.9519142263862,991.8807422543711,1001.0264608448158,15745975
2021-06-18,1012.6974487304688,1016.9518504435479,993.9054594499104,1012.6292078814683,29369026
2021-06-21,1017.9755859375,1022.6394327555987,1001.0947014517697,1002.6189877915085,12186448
2021-06-22,1012.742919921875,1028.7821668704214,1009.8308290128952,1025.596992217332,12871913
2021-06-23,1003.4608154296875,1024.0500559302593,1001.7999870984139,1023.777092514532,16653951
2021-06-24,979.8683471679688,1007.669572262773,973.7257080355693,1004.1432535343797,91461975
2021-06-25,957.5499877929688,979.868355835384,946.9254774381874,979.868355835384,55355022
2021-06-28,949.1550903320312,967.5830690553377,946.8800342020979,965.535542609245,20277042
2021-06-29,949.97412109375,959.6203929887992,948.2906059997632,950.7476377872767,27144063
2021-06-30,960.3711547851562,965.8312654969786,951.4529057551116,953.8189497184267,19762858
2021-07-01,954.592529296875,966.0587979305755,953.2502184775107,963.715500911565,12534407
2021-07-02,968.7433471679688,970.4951632609226,952.317400936898,954.1602048328318,14086620
2021-07-05,978.3668823242188,979.8911687487861,969.8581385815543,972.1104477919255,11702287
2021-07-06,966.8095703125,977.775345876362,964.7165499262375,975.9780960314433,10070124
2021-07-07,960.09814453125,968.1518891821571,954.6152867923088,968.1518891821571,10454892
2021-07-08,952.1581420898438,963.2377120648708,946.880007204719,963.2377120648708,11185460
2021-07-09,942.4208984375,951.7486525291566,940.1003484340649,950.0650773140198,9037675
2021-07-12,948.2905883789062,956.2077909534229,943.9224517127791,946.3112426024383,8585292
2021-07-13,955.3887329101562,956.9130192420056,950.0877909959721,955.525214607773,6717133
2021-07-14,949.1550903320312,958.6420731903104,946.9937689554591,955.6844881859736,8532544
2021-07-15,947.4943237304688,953.2502049164673,945.7425076403309,953.2502049164673,9448356
2021-07-16,961.1673583984375,962.2366455584815,949.8830661097808,949.951306958421,8828185
2021-07-19,955.0475463867188,966.4455743808566,951.9989734743655,955.5252925444601,8354449
2021-07-20,952.7041015625,959.1653183707836,948.2450375383125,955.2976750301373,6741464
2021-07-22,964.9439697265625,966.4000152300578,954.683470529445,964.1704530749702,7972397
2021-07-23,958.1188354492188,971.2004383163171,956.4580071605648,971.2004383163171,9937030
2021-07-26,944.99169921875,965.0804452589716,942.3753787545852,959.1653356602167,12389668
2021-07-27,935.0496826171875,948.1085383406385,929.1345728588083,944.9689777697635,10824523
2021-07-28,927.0187377929688,936.414732655119,917.4179602018662,936.414732655119,12897848
2021-07-29,934.25341796875,943.8769425785124,929.7715466212894,934.5946824013536,13765738
2021-07-30,926.0859375,940.9420420087474,924.174832733627,936.4146770615433,11350608
2021-08-02,943.012451171875,946.1520117827725,928.7478263645152,934.7312372274596,10925104
2021-08-03,949.9512939453125,951.4300863540562,939.2357958963441,950.9750871922383,11817299
2021-08-04,957.2316284179688,961.8954756587327,949.6101358514545,952.9772263092809,13169800
2021-08-05,971.1094360351562,980.4598768953389,957.4590392491626,962.0318984025091,21252078
2021-08-06,950.5428466796875,976.8880266163,945.8561927770681,969.1528000617284,16620987
2021-08-09,945.128173828125,950.8841149123823,940.2822912594686,946.8799898333923,7494143
2021-08-10,950.0877685546875,961.4403616289129,943.5811181110125,947.3349664779623,11919198
2021-08-11,963.39697265625,964.6254885296094,947.9720727670094,954.1374592617027,9184963
2021-08-12,960.3029174804688,967.4466034758628,957.8003316249841,966.8550623942889,8137612
2021-08-13,976.2965087890625,978.2303606065249,959.5975996548036,963.3969420853272,12780901
2021-08-16,988.9685668945312,1002.3914332731313,968.3337742680684,977.9800453155041,21935444
2021-08-17,984.759765625,994.2922421974579,977.2975624086582,986.8528461084586,12658169
2021-08-18,988.5819091796875,995.0203194571639,979.4589373887336,989.1961972236583,10075860
2021-08-20,977.4795532226562,988.2860390419917,972.3606471777291,975.090702319037,9426282
2021-08-23,983.895263671875,989.1961455676026,970.2221199980743,989.1961455676026,9854395
2021-08-24,993.6098022460938,997.3863978639248,980.8239096504693,985.123805492856,11864472
2021-08-25,1002.20947265625,1010.1267354530132,991.9717199859176,994.3833180171741,13380559
2021-08-26,1014.8815307617188,1021.4564824929126,1003.3014677332652,1004.666525440298,18589616
2021-08-27,1013.4937744140625,1020.4782919319844,1008.3294342208058,1017.8619111430866,10480636
2021-08-30,1032.990966796875,1035.5391065503322,1017.7708505413503,1023.7770080256,14027062
2021-08-31,1027.4854736328125,1039.1337183154053,1020.2507393885751,1036.016904489164,26485463
2021-09-01,1031.5576171875,1043.296968181422,1029.6921267178896,1034.242238504605,11145486
2021-09-02,1043.9796142578125,1050.0767599227504,1026.052128476792,1026.052128476792,9956770
2021-09-03,1086.796142578125,1089.753727352986,1047.6651320377116,1051.0776557907193,30664428
2021-09-06,1103.67724609375,1128.4299004209945,1097.4889922462605,1097.944051619568,33641710
2021-09-07,1110.638916015625,1118.4195769224002,1097.4890117544835,1105.6792381399396,17349882
2021-09-08,1106.29345703125,1116.5995103115172,1095.054658449374,1115.6895119598441,14301651
2021-09-09,1103.67724609375,1109.2510915570197,1099.35460328716,1104.7237261918483,8963249
2021-09-13,1079.0838623046875,1107.0443192185294,1077.4913349676583,1107.0443192185294,16311160
2021-09-14,1077.67333984375,1089.2988378614205,1076.5584984650136,1080.6536720322044,8908356
2021-09-15,1082.155029296875,1090.0949179081745,1077.695905241629,1077.695905241629,9071075
2021-09-16,1104.860107421875,1108.750437452325,1077.013388880378,1083.6338341939222,13448882
2021-09-17,1087.7288818359375,1117.441211114052,1080.9264609621353,1112.9593400786748,34882133
2021-09-20,1089.4581298828125,1100.3783514488218,1078.3785593037167,1079.3340516110384,11779819
2021-09-21,1094.1673583984375,1099.5819747220887,1084.7485569386888,1094.3038400919852,9915736
2021-09-22,1105.90673828125,1111.1392587944545,1091.2325487612284,1095.6689260415033,10995912
2021-09-23,1132.9344482421875,1136.1649964932392,1112.731907489886,1113.596411926489,15748397
2021-09-24,1129.6583251953125,1140.009872555042,1124.7897556991463,1139.1453680882425,15192163
2021-09-27,1148.655029296875,1151.134928281977,1126.2912870102596,1131.6149158288965,15373834
2021-09-28,1159.3934326171875,1167.0603586138618,1143.354184437372,1153.0004562253168,18035258
2021-09-29,1150.2021484375,1169.38083570803,1146.653022546889,1169.38083570803,9719875
2021-09-30,1146.2889404296875,1153.273457399079,1137.6892697076169,1148.9053210131074,13590654
2021-10-01,1148.3138427734375,1155.6395643825463,1135.2550471541776,1138.4173546931033,8958928
2021-10-04,1163.0789794921875,1171.587662580675,1154.38820045178,1161.645680951927,10918552
2021-10-05,1187.2174072265625,1188.4914771861918,1159.0748554855732,1162.6012346483487,13533634
2021-10-06,1164.7625732421875,1192.1087413964174,1160.78125500237,1192.1087413964174,10258881
2021-10-07,1170.4730224609375,1182.4625914537355,1168.3344479778266,1180.7562090449592,6336665
2021-10-08,1215.4510498046875,1221.4344612360428,1174.6136499701672,1176.319912141792,15772493
2021-10-11,1206.987548828125,1237.6326239992216,1203.6660128198464,1229.1694349795048,14768666
2021-10-12,1213.881103515625,1220.797380462856,1201.8005463413256,1203.5069288032655,6682011
2021-10-13,1226.2344970703125,1237.4050535570852,1214.5633873865165,1218.9770173074653,9959762
2021-10-14,1228.7144775390625,1236.47251177523,1222.7083196035724,1228.6917305879201,8623469
2021-10-18,1231.9906005859375,1249.0079672854492,1211.3784935963072,1214.2450907648501,13594479
2021-10-19,1243.0245361328125,1251.8972908980181,1232.1725560059263,1239.3616754056989,8833409
2021-10-20,1228.7144775390625,1247.9842743668398,1224.6649184645307,1247.9842743668398,12710570
2021-10-21,1193.2689208984375,1241.2726844412653,1184.4871546113602,1240.9997210618956,20831669
2021-10-22,1195.4986572265625,1212.56163907253,1188.2639230760205,1192.1315066188683,11027475
2021-10-25,1183.8502197265625,1219.4322268467454,1169.3808726672285,1219.4322268467454,17198417
2021-10-26,1210.8096923828125,1214.3815653473446,1184.464511564794,1190.8119938799573,9750178
2021-10-27,1195.4986572265625,1217.976256032517,1192.1087596672705,1206.691962726344,9896298
2021-10-28,1182.39404296875,1200.298779292571,1178.7085560280439,1192.1313011797695,9886181
2021-10-29,1154.0242919921875,1181.2794715076984,1138.303621720808,1181.2794715076984,14233025
2021-11-01,1154.7296142578125,1163.0108284889366,1134.8455291099833,1154.0243384080532,15481114
2021-11-02,1137.8941650390625,1159.3707786875088,1135.3688922235076,1158.0057208153316,10569130
2021-11-03,1130.06787109375,1146.6302984409235,1119.7845647630193,1140.2828162204378,11989430
2021-11-04,1137.0067138671875,1139.7595760808606,1132.9799021702054,1134.3220924997154,1705656
2021-11-08,1138.41748046875,1146.630454409684,1117.691636338527,1146.357370619063,20337183
2021-11-09,1147.40380859375,1150.6798507830363,1131.637644937905,1139.805123815544,15682497
2021-11-10,1160.2349853515625,1163.9205925184515,1139.190689562383,1145.1286055338035,10253470
2021-11-11,1162.3511962890625,1169.6085579306034,1153.705909366423,1155.7534963250885,10722478
2021-11-12,1179.8917236328125,1182.4626105860948,1163.465776749054,1166.1503984605802,8712341
2021-11-15,1172.929931640625,1184.0322480185664,1169.3808058406628,1183.031141558392,4803269
2021-11-16,1145.6748046875,1171.6559135252794,1135.255016670807,1170.3136027722971,11337581
2021-11-17,1121.1497802734375,1137.0524279565616,1119.7847223766223,1137.0524279565616,10202029
2021-11-18,1125.381103515625,1132.5248489990865,1114.8020873378032,1119.3294522857677,8505625
2021-11-22,1075.53466796875,1114.3244768150466,1069.733232783756,1108.4548007788628,24124307
2021-11-23,1085.5904541015625,1092.597718814344,1050.6228528101806,1061.5658216102945,25326999
2021-11-24,1069.9154052734375,1096.5335515396243,1066.343532034508,1082.9287078531017,16820296
2021-11-25,1134.3221435546875,1138.4400635861748,1072.5315589664726,1079.7435455818988,42401936
2021-11-26,1097.7620849609375,1127.3378152568512,1092.7114193284249,1122.8786907081894,15763138
2021-11-29,1110.911865234375,1137.530130735484,1091.6193215192616,1109.819891228915,24325354
2021-11-30,1094.48583984375,1126.5642137673601,1086.9553960411952,1122.9695939867834,32172299
2021-12-01,1122.5147705078125,1125.699825172228,1103.4496957163708,1107.044315866843,10104610
2021-12-02,1129.7266845703125,1135.8010837797613,1120.057665060323,1123.7432731717324,12720411
2021-12-03,1095.78271484375,1136.8475802217874,1092.028866217897,1136.8020863205188,19222481
2021-12-06,1075.0113525390625,1103.404119692969,1072.5315739182363,1099.309066908383,10332254
2021-12-07,1083.7703857421875,1093.8488493527543,1073.8284038337267,1081.1768723394634,11235122
2021-12-08,1100.2645263671875,1106.4981533356588,1094.8954038300121,1102.994641711683,8744178
2021-12-09,1117.71435546875,1126.1093048249602,1103.404235637729,1107.9543482561612,13213547
2021-12-10,1118.851806640625,1122.0596079618992,1105.8383850496557,1110.343003210938,8364414
2021-12-13,1096.4197998046875,1125.7453143246432,1093.8489128488443,1125.4723509045855,12901733
2021-12-14,1082.996826171875,1094.758924705155,1079.925506579218,1082.9285853235253,12991523
2021-12-15,1079.8345947265625,1094.3039423247055,1074.3288697386265,1084.7486582787296,9366969
2021-12-16,1093.80322265625,1099.0813569765323,1077.7640971670983,1094.6222331236886,9761279
2021-12-17,1064.932861328125,1095.6689246022736,1055.6277943848347,1091.1415595298965,21049821
2021-12-20,1036.2216796875,1054.6495980178693,1022.4574879615027,1054.6495980178693,14325846
2021-12-21,1051.6466064453125,1067.4582657288427,1042.9786937245733,1051.6921003499008,12836561
2021-12-22,1076.6038818359375,1079.2430094666254,1056.5379426212896,1057.8573860824001,17658543
2021-12-23,1076.2171630859375,1082.9285964305648,1072.9411209146308,1080.1984810516549,9072401
2021-12-24,1079.652587890625,1088.3887407376528,1063.6133400712515,1078.3785179602155,7886494
2021-12-27,1078.4923095703125,1082.0186888381238,1068.413845410363,1074.5337382222722,4017223
2021-12-28,1091.3009033203125,1094.2357415301187,1079.7663934022717,1080.926608302519,6374613
2021-12-29,1093.1663818359375,1100.6740785888855,1083.884061988693,1087.9337410579972,15425312
2021-12-30,1073.4189453125,1094.2812707813944,1067.276305271878,1092.02896140955,29333171
2021-12-31,1077.5367431640625,1084.703115610681,1073.828388538488,1079.7435583793856,9477290
2022-01-03,1093.7806396484375,1095.6462506930534,1075.4437086416906,1076.1034905748938,5421611
2022-01-04,1118.465087890625,1119.7846517979926,1093.848914455948,1099.2636517956478,10847728
2022-01-05,1123.6976318359375,1127.0647821675334,1107.021469888781,1120.2396140596422,11643813
2022-01-06,1099.5364990234375,1116.5994791465537,1096.1238548571225,1115.3254092772324,14447422
2022-01-07,1108.4091796875,1118.4421482661342,1097.284116906681,1106.11137689842,13112115
2022-01-10,1109.3193359375,1117.9646215781718,1099.3318598320666,1115.6895654128748,9246731
2022-01-11,1117.3048095703125,1126.1319502273575,1107.9542483452858,1108.409307707792,16205164
2022-01-12,1147.130859375,1148.8827357783716,1121.604686652831,1124.471284081761,14800442
2022-01-13,1153.592041015625,1156.1856749337926,1141.3522552982324,1147.19918473575,11856712
2022-01-14,1155.2755126953125,1168.1523329319614,1149.2921017722908,1153.455515914101,19930176
2022-01-17,1161.304443359375,1167.105878804206,1154.3655399895374,1154.8205993720844,8036453
2022-01-18,1147.44921875,1165.8998821993202,1144.696356607209,1162.4418646639435,6215029
2022-01-19,1147.3582763671875,1156.6404758295853,1141.6250823732196,1151.1803655784236,9755485
2022-01-20,1127.26953125,1142.0574560089742,1117.054465620327,1137.5528377304774,16494486
2022-01-21,1127.4515380859375,1138.5538554378697,1115.6895591579548,1115.6895591579548,13338594
2022-01-24,1081.9730224609375,1139.6912967231897,1071.598729229798,1126.1545759538076,21868937
2022-01-25,1079.8572998046875,1086.8644436444313,1048.802657948011,1069.0734401117095,24510205
2022-01-27,1063.863525390625,1072.0537511885557,1051.5554999211186,1062.9080331478985,20020431
2022-01-28,1062.8397216796875,1081.0629157010064,1059.4499449788068,1076.103358864866,14667727
2022-01-31,1085.9317626953125,1094.9409997464795,1072.0993294430996,1073.91944662709,12143683
2022-02-01,1082.337158203125,1101.402112704543,1067.9587979070466,1095.6690383601324,13200509
2022-02-02,1084.5438232421875,1095.2138271372608,1080.6989871423398,1095.2138271372608,10017691
2022-02-03,1070.529541015625,1092.6886822523618,1068.0042683536662,1088.3887863228124,9572839
2022-02-04,1060.76953125,1068.5730594354839,1056.1284310635565,1065.183161923649,11061241
2022-02-07,1054.3084716796875,1072.372440138568,1048.802746440698,1065.6382591326399,10714467
2022-02-08,1072.031005859375,1073.8283759531457,1051.0776952115107,1060.4737500675897,12060849
2022-02-09,1084.5211181640625,1086.204633140618,1072.918368570495,1078.901658786714,11486225
2022-02-10,1083.406494140625,1090.0723137940836,1076.1490130370194,1090.0723137940836,12464491
2022-02-11,1081.29052734375,1084.9761347999724,1066.593591416207,1079.857228868873,15943370
2022-02-14,1064.068359375,1071.5305623649283,1052.4427424947037,1064.8418760134352,10719633
2022-02-15,1100.1964111328125,1102.9037798370225,1062.7716573911962,1069.824295697398,11212671
2022-02-16,1097.92138671875,1107.0443589837334,1090.186219274119,1105.6793011160346,10392840
2022-02-17,1111.82177734375,1117.0089242641513,1096.5789142269996,1101.1745201113265,12853252
2022-02-18,1103.1312255859375,1117.6915612787002,1101.1973736454247,1112.2314504381943,6775458
2022-02-21,1091.9833984375,1109.091873871227,1085.021748188729,1097.4890031023695,11107193
2022-02-22,1087.0238037109375,1090.1634849848142,1067.9815952626598,1070.5978559109342,13494914
2022-02-23,1080.2213134765625,1095.0092390254035,1077.468571284383,1092.5294602510214,7310110
2022-02-24,1026.3934326171875,1064.6828130643278,1020.7740927277775,1048.8027920240986,24846650
2022-02-25,1039.224853515625,1050.1450756675365,1035.7212210618118,1037.4729771115954,14570089
2022-02-28,1073.62353515625,1077.1726610969984,1020.5919703644313,1020.5919703644313,21297446
2022-03-02,1091.3690185546875,1092.4838597770897,1059.8139450476658,1062.2027357830907,21471786
2022-03-03,1082.155029296875,1098.7856965324477,1078.4011810031334,1092.0287696037128,10186748
2022-03-04,1058.1531982421875,1075.7848524224223,1055.787154408625,1070.643199306108,10805667
2022-03-07,1019.022216796875,1052.0333374144284,1011.0367133096933,1036.8358471079189,17983310
2022-03-08,1017.1793212890625,1021.9570232050447,991.92617525868,1006.2590402981642,21289374
2022-03-09,1071.143798828125,1077.01347494328,1016.565078233395,1017.406956117863,20414228
2022-03-10,1088.50244140625,1094.3038764083778,1073.8283721325647,1092.028820377732,17980493
2022-03-11,1091.64208984375,1097.0340801861346,1081.1313132856126,1081.1313132856126,12257423
2022-03-14,1100.605712890625,1103.1311056498985,1080.1984500463022,1086.06812572994,8340678
2022-03-15,1075.398193359375,1104.7464533796308,1065.1148867530296,1104.7464533796308,15925769
2022-03-16,1093.55322265625,1095.6235563592827,1081.6091471404573,1083.8387095081287,11149828
2022-03-17,1129.203369140625,1136.3469946247096,1098.8994972340938,1106.9304944761457,21422098
2022-03-21,1122.6966552734375,1130.249846191458,1109.7743416930666,1112.0493977484434,11999466
2022-03-22,1151.7037353515625,1153.4327442921551,1116.417558596963,1119.3750232146147,22557065
2022-03-23,1155.3665771484375,1167.0376894069477,1147.9954813767026,1147.9954813767026,15462187
2022-03-24,1173.3167724609375,1175.8194185614975,1142.0802732954487,1142.0802732954487,13168266
2022-03-25,1181.14306640625,1190.3115323247282,1172.5660212405173,1175.0686673806458,14222488
2022-03-28,1193.018798828125,1196.5678044575318,1176.8885634283017,1187.5813149251485,9891424
2022-03-29,1193.2918701171875,1200.321761515582,1186.3984604316122,1200.321761515582,8684065
2022-03-30,1216.2244873046875,1223.0724028520565,1190.8120505919683,1201.1863453712592,15811550
2022-03-31,1198.8428955078125,1214.7456618708436,1196.0446595036312,1212.584340487485,13223718
2022-04-01,1208.443603515625,1212.6752582349072,1193.0415116671982,1199.4116203413212,7922880
2022-04-04,1212.015625,1217.1572786813153,1201.9826544660282,1208.2617761125623,7929162
2022-04-05,1194.88427734375,1214.8366019261355,1192.4499926471442,1206.2823045318924,13149870
2022-04-06,1191.6993408203125,1198.72923220727,1177.1617516980632,1177.1617516980632,12257215
2022-04-07,1170.6776123046875,1185.7612463786218,1168.0157378896517,1180.8015690820077,15496499
2022-04-08,1190.15234375,1194.40674604813,1164.8308932448695,1164.8308932448695,15152495
2022-04-11,1187.672607421875,1200.5721761413577,1175.2962186354357,1183.031386405553,9254209
2022-04-12,1165.3084716796875,1184.2141946105721,1162.7375850997262,1177.1159431844708,13217742
2022-04-13,1161.0313720703125,1179.664132404293,1158.2330158892628,1171.4284128604863,10354235
2022-04-18,1157.4822998046875,1164.7397805103374,1147.4493300930017,1152.545489452205,9974224
2022-04-19,1201.595703125,1213.972089786732,1160.7584292751112,1163.920736701103,26141820
2022-04-20,1236.9273681640625,1244.0028730390352,1205.3722941596611,1209.0124078704498,25072240
2022-04-21,1265.888916015625,1269.0284764486553,1243.0927417436083,1251.692532864583,21708633
2022-04-22,1255.2872314453125,1274.9437261640837,1248.6440386176957,1255.3327253469529,15054154
2022-04-25,1226.257568359375,1255.1052787532617,1211.9929418363483,1247.8251704716654,17063215
2022-04-26,1262.9541015625,1271.7586153913803,1232.0360622414871,1233.0825422871724,12227666
2022-04-27,1264.1827392578125,1286.7740721528176,1253.5808548135026,1253.9449263825297,19338945
2022-04-28,1283.065673828125,1297.239310503393,1267.7089550364747,1278.5610555725848,25614076
2022-04-29,1269.5972900390625,1299.5825839676365,1263.7048672221586,1299.5825839676365,18214862
2022-05-02,1265.13818359375,1276.5362108883514,1254.9458650066724,1256.7432351242765,9467006
2022-05-04,1225.64306640625,1269.4835388914837,1217.7486714056079,1267.2084828840266,19247660
2022-05-05,1201.6412353515625,1242.18280014838,1197.591676403661,1239.2252151754037,17210669
2022-05-06,1192.42724609375,1209.8769247815503,1180.0963532492094,1188.582409796725,19649948
2022-05-09,1145.8568115234375,1181.711782557566,1140.715158224648,1171.6331985147315,18083752
2022-05-10,1125.9954833984375,1149.633416525882,1118.4195452683007,1135.2550569441219,19511677
2022-05-11,1114.4609375,1130.6821606199796,1102.0163098457965,1125.0854480941018,16643899
2022-05-12,1091.755859375,1107.8859741719987,1078.378486557952,1104.5416911448524,20490321
2022-05-13,1104.132080078125,1127.5196744148523,1099.0131741208802,1103.8591166926499,19308778
2022-05-16,1104.4052734375,1128.8848441001169,1099.6048242868326,1107.7040627563247,13437911
2022-05-17,1150.793701171875,1155.6851383517537,1106.5892723531913,1107.999824091496,16551828
2022-05-18,1154.979736328125,1169.3808421611643,1141.2839062872033,1155.5712773721964,17276788
2022-05-19,1128.361572265625,1143.2177387581737,1122.0824507846328,1130.2499303127915,14699118
2022-05-20,1194.15625,1203.2337272058603,1138.4400638194588,1143.2176453948912,21793091
2022-05-23,1186.1708984375,1207.3971730449673,1179.8461630484092,1197.364082975496,15252755
2022-05-24,1190.2432861328125,1200.3217504414995,1181.9848186867473,1186.2164738705715,13527818
2022-05-25,1188.4915771484375,1208.8306025401785,1183.7138745751004,1198.9568604081787,12714544
2022-05-26,1177.16162109375,1198.9111951609145,1159.3706180239299,1194.1334932703796,17882023
2022-05-27,1171.7015380859375,1185.3746228810087,1155.7761439362052,1179.8690179099194,16521973
2022-05-30,1212.5159912109375,1216.7020315446362,1180.392124401247,1189.8562993151577,13853398
2022-05-31,1197.887451171875,1218.8862574674567,1190.1750310186887,1201.8687694825662,70620653
2022-06-01,1198.274169921875,1208.1479107227306,1190.4024014083636,1198.638121118035,9776989
2022-06-02,1239.58935546875,1243.2977103658052,1198.501741229144,1198.501741229144,22126569
2022-06-03,1264.7059326171875,1281.9281427980586,1247.642951094485,1248.5530698496407,23939791
2022-06-06,1259.2684326171875,1280.4037178841604,1252.101940232276,1264.933385678996,11093152
2022-06-07,1261.6346435546875,1269.9840987331656,1252.2159612910536,1260.3378265980741,12358255
2022-06-08,1239.4754638671875,1265.388330609935,1235.9490850298985,1261.6344822845072,12479250
2022-06-09,1273.4649658203125,1275.3986973973456,1233.082627965682,1233.082627965682,17278305
2022-06-10,1235.016357421875,1269.4380277636071,1229.2149225576165,1261.2478021770742,18093057
2022-06-13,1211.6514892578125,1216.156107684235,1190.4479609930536,1205.7819334162448,17620803
2022-06-14,1195.8170166015625,1215.7238471836963,1189.151077141205,1205.804612494347,14714312
2022-06-15,1181.34765625,1200.0031636736535,1175.9330397958033,1191.0166743810375,11195535
2022-06-16,1164.830810546875,1209.8997420887063,1162.1006949883244,1193.4965424947006,17111475
2022-06-17,1178.4810791015625,1194.3382305909047,1163.0562400137392,1164.830742811065,24457187
2022-06-20,1157.118408203125,1190.8120593552974,1147.1308115234453,1185.3063342518615,12066797
2022-06-21,1175.796630859375,1180.0281654943678,1150.4069416324683,1164.830795221328,11720049
2022-06-22,1140.078125,1164.057262227865,1137.985044485591,1163.966274425617,10617206
2022-06-23,1121.581787109375,1148.905326422505,1112.5043100555831,1144.3779613702993,19446323
2022-06-24,1137.5528564453125,1142.5351607614082,1122.9696539988313,1128.429884986889,14240234
2022-06-27,1134.1856689453125,1157.9828298757552,1129.1350035879693,1157.9828298757552,15474529
2022-06-28,1150.1337890625,1152.9776391694047,1129.3853215361614,1129.3853215361614,13572847
2022-06-29,1173.999267578125,1181.6663139665932,1137.985067118919,1140.8061704616555,19205146
2022-06-30,1181.0521240234375,1190.2660842003577,1167.5610145751587,1173.931124222141,23112959
2022-07-01,1095.9874267578125,1179.3911062938287,1076.103462886294,1171.610445710058,81997149
2022-07-04,1098.2623291015625,1111.1391472548082,1076.6037450673573,1082.4506733389208,41857728
2022-07-05,1107.157958984375,1121.5590649917854,1099.8094906293034,1102.4941121326237,17647327
2022-07-06,1097.4207763671875,1111.1166075291421,1086.5687955560873,1101.1746251311279,23943726
2022-07-07,1086.6142578125,1107.1580039571165,1080.6535938667357,1103.813720771296,23301033
2022-07-08,1088.115966796875,1100.2192721805015,1084.0890337509463,1100.2192721805015,19010108
2022-07-11,1102.9036865234375,1105.1331283386687,1078.3785026593284,1081.336087585235,13847467
2022-07-12,1101.333740234375,1110.0927598985188,1093.8487904297283,1093.8487904297283,10778989
2022-07-13,1081.8138427734375,1107.4993634434227,1079.7436294761944,1104.4507905221294,14224132
2022-07-14,1090.73193359375,1107.4764556314449,1081.5407222618398,1086.5686402982146,16970315
2022-07-15,1092.847900390625,1098.8540583216684,1084.33921677306,1098.8540583216684,9603210
2022-07-18,1102.15283203125,1103.4040345430283,1088.525123257814,1101.584037969047,15160908
2022-07-19,1108.909912109375,1113.4145306244031,1092.1653876854057,1092.1653876854057,16439888
2022-07-20,1138.8951416015625,1156.8681226053911,1131.273708960185,1155.730654624441,23924246
2022-07-21,1131.2962646484375,1137.5300117770723,1122.651100250388,1134.7998965175696,16523230
2022-07-22,1138.9405517578125,1144.9467089844488,1135.254944336538,1137.5300002449842,10969995
2022-07-25,1101.3111572265625,1122.7195298133436,1093.3940142099802,1122.7195298133436,23110452
2022-07-26,1101.8116455078125,1112.003964591019,1097.193292295004,1101.629669898458,11303288
2022-07-27,1100.76513671875,1104.3141424256505,1092.938861823789,1101.1063409773997,8655086
2022-07-28,1118.010009765625,1122.9468197968529,1101.5840648849116,1108.409232735442,12496073
2022-07-29,1141.829833984375,1145.3107190485075,1121.149607208918,1126.0181765545474,15130683
2022-08-01,1171.587646484375,1177.4573222630406,1140.9880650198957,1146.2434528105707,15700044
2022-08-02,1176.0467529296875,1186.580275301345,1165.535977507085,1170.5184018297261,13917913
2022-08-03,1185.9205322265625,1187.5813002703721,1168.220637135406,1183.0311881851292,14250977
2022-08-04,1170.2454833984375,1191.1078085473182,1153.4555848310504,1187.5814291745087,14467127
2022-08-05,1153.00048828125,1173.3850064214535,1149.792686697798,1172.1110567812314,13942438
2022-08-08,1168.0841064453125,1175.546309977684,1151.6354129424305,1151.6354129424305,10165178
2022-08-10,1175.0687255859375,1178.4357560699364,1163.4886007618413,1172.5205854155333,10724688
2022-08-11,1178.981689453125,1187.5358669102814,1174.0220116644236,1184.4418001629217,8198226
2022-08-12,1198.046630859375,1201.845973401522,1174.9321182963517,1178.6176057306407,12650587
2022-08-16,1206.3734130859375,1209.1035287580976,1195.4531911057852,1204.052862906299,6607378
2022-08-17,1212.67529296875,1218.0216687174445,1208.3071564277768,1212.6070521185068,6595965
2022-08-18,1214.87451171875,1218.3894546289891,1205.24240897424,1214.2810405952932,7410035
2022-08-19,1193.213623046875,1215.0569809988342,1189.1507309375147,1209.7159828214287,9460724
2022-08-22,1189.904052734375,1201.1795211355932,1180.500282384016,1194.6517009933089,9471680
2022-08-23,1208.2552490234375,1211.1768414672938,1182.9424687305054,1184.1522321085429,9678484
2022-08-24,1205.0369873046875,1218.846089361482,1203.0284828486285,1205.1968562417935,10369622
2022-08-25,1201.5218505859375,1215.6046836675666,1197.2079256645413,1209.2366122809538,7871946
2022-08-26,1195.108154296875,1209.716117387308,1190.0867726380989,1201.9555917154182,10742038
2022-08-29,1185.8184814453125,1211.9985882371661,1176.8711343003506,1180.0437597555986,19838975
2022-08-30,1204.21533203125,1207.547826665914,1176.2092881324143,1193.2823008817281,23139054
2022-09-01,1168.81396484375,1189.150886984996,1164.385933490136,1178.9710757031155,19909939
2022-09-02,1155.1646728515625,1175.638520959865,1152.9734784565321,1168.8139049237643,12999345
2022-09-05,1173.1051025390625,1178.446101569222,1155.3929766209455,1155.3929766209455,11327815
2022-09-06,1185.4532470703125,1189.6302455363334,1174.1093147173583,1174.5658588505653,10899618
2022-09-07,1178.5601806640625,1184.563114237557,1173.1963605855797,1175.478839783805,7488501
2022-09-08,1180.226318359375,1185.978218827882,1173.6528558204227,1181.527366464761,7057077
2022-09-09,1172.8768310546875,1191.4561604892992,1170.4573041604863,1191.4561604892992,8314850
2022-09-12,1186.0010986328125,1192.369291715923,1173.4474025715353,1173.4474025715353,7435419
2022-09-13,1195.906982421875,1200.4491194045427,1187.3477160754526,1195.1081207827935,8888657
2022-09-14,1181.572998046875,1191.4561336808906,1174.451706778856,1175.4787801044877,8678219
2022-09-15,1169.8638916015625,1188.5116835520153,1167.1476896556205,1179.1307346574977,10365600
2022-09-16,1140.8763427734375,1165.4359048168926,1137.133067391258,1161.213264147553,20217708
2022-09-19,1142.35986328125,1151.6038847358493,1132.7277612467549,1140.8762459554318,7580254
2022-09-20,1142.54248046875,1158.4514907194557,1138.8220264150539,1151.4898271317024,8411448
2022-09-21,1145.6925048828125,1156.3060391967588,1138.9591731329301,1139.7580348153278,9207309
2022-09-22,1134.896240234375,1142.6110027498532,1128.5053470017444,1134.8505978968233,10308170
2022-09-23,1113.62353515625,1139.3927402184245,1112.0714541784876,1134.394179751921,9528051
2022-09-26,1085.252197265625,1103.7175409409906,1084.2479451217905,1092.8756748841324,12479523
2022-09-27,1093.8800048828125,1107.4607728213189,1077.3776445528867,1092.8528108642224,16154822
2022-09-28,1064.7554931640625,1085.5489575446488,1062.3132660155625,1077.491757249726,16997059
2022-09-29,1061.4915771484375,1080.7556609643932,1055.8766040342564,1077.3320028920632,14671827
2022-09-30,1085.434814453125,1096.5047707006538,1054.9636064469146,1054.9636064469146,18613024
2022-10-03,1081.6688232421875,1103.3294933419215,1078.7015883112226,1091.7117072217247,11852723
2022-10-04,1101.61767578125,1103.808870249341,1091.095426399377,1094.587668996287,8948850
2022-10-06,1105.680419921875,1118.4166846220046,1103.87730611944,1108.830344904405,13352162
2022-10-07,1110.359619140625,1115.6321543527151,1102.2795971833257,1102.2795971833257,7714340
2022-10-10,1098.2396240234375,1103.6262649687026,1090.1139598954956,1097.8743645838504,6329527
2022-10-11,1076.3734130859375,1101.9828714622417,1073.269250949044,1101.9828714622417,9215177
2022-10-12,1084.293701171875,1087.2381151547559,1069.6172735984808,1073.6801664299744,7417103
2022-10-13,1087.7401123046875,1092.8527780894253,1077.3776122421918,1082.5360411069073,7328492
2022-10-14,1082.216552734375,1103.0556611703817,1081.48615457156,1102.4393688537991,9106089
2022-10-17,1099.5863037109375,1101.982888862092,1069.845609321564,1075.0496814411536,16729355
2022-10-18,1118.9873046875,1124.3511243615108,1104.7902440911478,1105.634748048647,12415820
2022-10-19,1138.4569091796875,1153.9550179585947,1114.6277458530562,1120.4709308445554,19247142
2022-10-20,1141.5155029296875,1149.9150215278255,1134.3942113183082,1134.3942113183082,8717053
2022-10-21,1128.2769775390625,1148.9106943491454,1126.177188586748,1144.7565172867282,8243452
2022-10-24,1132.0430908203125,1142.382770547029,1120.836206695688,1122.9816380159375,3370033
2022-10-25,1114.5592041015625,1140.7849504711187,1112.9386597912353,1140.7849504711187,12233241
2022-10-27,1118.941650390625,1126.8391025996318,1110.5649536618178,1122.0686333408069,12513059
2022-10-28,1153.1790771484375,1157.2190279737692,1122.7306857391648,1125.2641978503823,17609592
2022-10-31,1163.8837890625,1169.065039404331,1155.9406944170403,1159.957944449031,12419943
2022-11-01,1154.8680419921875,1186.8912136799254,1144.8936213637878,1186.8912136799254,13963166
2022-11-02,1162.08056640625,1164.1576549471247,1148.0890168960855,1155.986348539346,8981896
2022-11-03,1166.4173583984375,1168.4259835133787,1152.676841200972,1154.8680356681098,6693449
2022-11-04,1183.58154296875,1186.8910951526373,1164.5684922927214,1165.8465983843867,12575815
2022-11-07,1189.904052734375,1191.5931814379082,1175.0223567357784,1182.7827614663586,11789748
2022-11-09,1188.7171630859375,1196.9112902936065,1182.3489707407007,1191.5931131291466,11254205
2022-11-10,1174.337646484375,1185.3163193750859,1170.0008998356418,1182.3262632089597,5966242
2022-11-11,1201.407958984375,1203.3251787933696,1181.4133535308406,1186.8912796597394,12310132
2022-11-14,1195.58740234375,1206.0640083384951,1189.2420312652064,1200.9284005914947,9043112
2022-11-15,1190.2237548828125,1198.9427700567662,1182.3263018305277,1197.0711926191022,7086433
2022-11-16,1183.3990478515625,1194.1723297469184,1178.3775455967132,1191.4561277313167,9716161
2022-11-17,1186.45751953125,1192.825591205946,1177.7612057960014,1180.020863607493,6661451
2022-11-18,1185.8184814453125,1190.9997319984882,1173.6985088451027,1189.9725379072304,5303197
2022-11-21,1164.4771728515625,1181.4131345958851,1160.9164671915146,1181.4131345958851,6390268
2022-11-22,1170.9366455078125,1172.5115476255721,1157.9037056180239,1161.783907991267,6611488
2022-11-23,1167.2845458984375,1176.8025419691705,1165.0933516897298,1175.4786728280303,6413408
2022-11-24,1177.3505859375,1184.152381470378,1163.2448083737015,1171.3704732897338,9389439
2022-11-25,1194.9256591796875,1198.2580330465703,1178.7199717595092,1181.8698970100845,7349922
2022-11-28,1235.987548828125,1242.1502306285356,1142.154626734269,1190.9541361505962,31527484
2022-11-29,1238.110107421875,1246.9889910362924,1229.8018737736188,1234.3440108402901,11058913
2022-11-30,1246.85205078125,1253.288707028199,1231.7192011093234,1238.247142030381,26164986
2022-12-01,1243.17724609375,1257.6481612150444,1239.8448724818554,1251.6224067137045,9485801
2022-12-02,1242.6522216796875,1254.4526976676975,1232.8147284105949,1246.235748845341,11589592
2022-12-05,1224.5294189453125,1240.1872774344642,1222.4980932976318,1238.0189040182454,14828536
2022-12-06,1228.067138671875,1231.1713003979203,1214.737403586102,1216.6091015367565,8594245
2022-12-07,1209.9443359375,1230.258436618436,1206.132596960368,1225.693478313524,8462111
2022-12-08,1209.37353515625,1216.5634100007333,1205.1966579940977,1214.2809311328976,7757008
2022-12-09,1191.04541015625,1214.2811038799705,1187.7357368415526,1207.8900896926802,12655763
2022-12-12,1192.8712158203125,1197.3905313761602,1180.0436672450348,1180.2719996623723,9479842
2022-12-13,1198.3037109375,1201.9555809304147,1189.9497141999723,1192.8713067918438,8333348
2022-12-14,1193.9669189453125,1204.6717371538757,1191.9126515922892,1204.0782660411908,7268947
2022-12-15,1177.008056640625,1193.7386297598832,1173.6528618480468,1188.0324923462415,8688551
2022-12-16,1171.187744140625,1195.4734533972091,1167.78690686101,1173.6529134607251,15837349
2022-12-19,1186.5716552734375,1188.7172073020977,1171.6898388274747,1178.2177795852808,7729933
2022-12-20,1196.843017578125,1198.7602374146065,1171.3704856304953,1179.541792973625,7467588
2022-12-21,1179.8155517578125,1201.9555872542346,1175.9809916475376,1196.477661489117,8527550
2022-12-22,1176.7569580078125,1189.013856887232,1171.7126347696108,1185.9781586267084,7451122
2022-12-23,1142.245849609375,1182.554553491853,1137.703712598857,1170.137785137051,10257115
2022-12-26,1152.22021484375,1160.414342154975,1137.7721216907048,1147.9748739735228,5990242
2022-12-27,1161.64697265625,1163.518549950611,1148.2031310835503,1154.9364624540497,5763271
2022-12-28,1161.5328369140625,1163.9750640999512,1151.0562304776126,1158.5884232916014,7459393
2022-12-29,1161.0078125,1163.5641454874342,1152.882148696241,1153.566904464591,6930648
2022-12-30,1162.7880859375,1176.3916749175478,1160.0035413220228,1161.829476176333,7289476
2023-01-02,1175.8896484375,1177.3048023328713,1163.244668797144,1164.066351583663,5316175
2023-01-03,1167.2845458984375,1174.5657054277967,1163.0620263922654,1170.9365362462836,7658932
2023-01-04,1149.7095947265625,1169.1107276232437,1147.6325061253483,1167.2618507099899,9264891
2023-01-05,1147.6553955078125,1157.858149023016,1143.0676158255733,1151.969321148222,13637099
2023-01-06,1158.086181640625,1163.1305046928026,1149.595379440652,1153.4071180013361,6349597
2023-01-09,1185.4302978515625,1187.8041821914996,1161.0306065888913,1161.9207528429104,10722753
2023-01-10,1167.90087890625,1189.6301316742909,1162.2403842296717,1189.6301316742909,8047142
2023-01-11,1153.1790771484375,1167.7184566325625,1150.873655990327,1165.2077656913489,11509553
2023-01-12,1128.2769775390625,1156.077627831873,1125.2641003718309,1152.5855061360771,17688773
2023-01-13,1126.451171875,1128.8705782042637,1111.3867843100481,1122.2513519945564,20618583
2023-01-16,1115.723388671875,1131.951774613395,1107.917221092014,1128.7791493112115,13623855
2023-01-17,1131.56396484375,1133.4811846812154,1118.690771838856,1122.0687880986452,10751000
2023-01-18,1129.692138671875,1137.178689301756,1123.1414974309203,1129.1444306357287,13448286
2023-01-19,1128.4825439453125,1132.6366004638107,1121.4524163802744,1128.8705038207283,11940054
2023-01-20,1115.0615234375,1129.8291140692525,1112.596474928504,1129.8291140692525,14930286
2023-01-23,1109.4237060546875,1125.811961602633,1107.004299933337,1117.960272105855,10954118
2023-01-24,1102.873046875,1115.51790607312,1089.8171651533376,1113.851719292168,16488755
2023-01-25,1087.6259765625,1102.302402806859,1086.461976225218,1101.2753294802073,12385018
2023-01-27,1066.992431640625,1089.817223588686,1055.260418546103,1088.4706538388855,25830975
2023-01-30,1077.218017578125,1082.764407064242,1050.3987961919847,1064.4132886312711,21772103
2023-01-31,1074.5244140625,1089.9540573273835,1068.6584086670991,1087.3747826880974,22691594
2023-02-01,1068.1563720703125,1086.4390237052419,1052.2245419941687,1086.4390237052419,19347800
2023-02-02,1062.2447509765625,1071.85391093282,1054.9635914721293,1058.1590377354637,13662663
2023-02-03,1063.1806640625,1072.3105805967245,1046.7467660021255,1072.3105805967245,24699575
2023-02-06,1055.169189453125,1059.528757546533,1052.5900349184292,1056.7897340697052,14837879
2023-02-07,1052.6356201171875,1062.4502927137798,1046.7467924098464,1055.4202857843334,15135435
2023-02-08,1073.6573486328125,1077.28651848918,1053.1378561171298,1055.876758827137,21160332
2023-02-09,1075.52880859375,1082.284961068636,1065.463103759131,1074.341987106508,13172763
2023-02-10,1066.6728515625,1075.0039060071294,1059.6655455942528,1075.0039060071294,10790445
2023-02-13,1060.6014404296875,1072.7670546240697,1056.127767130611,1068.293381324993,10352493
2023-02-14,1085.5947265625,1087.329376978281,1060.738487756277,1063.6144381671827,14321920
2023-02-15,1110.1768798828125,1112.5735854842064,1083.2664969637603,1084.6358877756606,33503591
2023-02-16,1109.3094482421875,1124.7162706791198,1107.0269694456317,1118.1655094417106,17264487
2023-02-17,1113.94287109375,1117.2753650050747,1100.4305676175113,1104.7216712307097,11809520
2023-02-20,1102.16552734375,1118.3026298698114,1100.2025445254703,1116.13425652598,8836937
2023-02-21,1111.1585693359375,1116.9559918914763,1101.2296696771075,1106.5479683974272,13311592
2023-02-22,1085.959716796875,1109.2866925279875,1084.2022454513722,1107.4379365148654,11024335
2023-02-23,1080.7557373046875,1093.1953270218976,1077.9483712962124,1085.5490279902117,9851910
2023-02-24,1088.1510009765625,1093.8344379808216,1080.9840672539892,1082.8100022510873,9434053
2023-02-27,1080.91552734375,1090.8672478016565,1073.543202799622,1087.3750050988056,11199715
2023-02-28,1060.2362060546875,1080.5274845520237,1056.1734344203933,1075.5516247048565,21994038
2023-03-01,1069.982421875,1070.712820002187,1060.5557097259696,1070.0280642112666,11551145
2023-03-02,1061.8338623046875,1073.5202315216086,1059.8024162422653,1066.8325430044117,9333535
2023-03-03,1088.9271240234375,1092.6019362119685,1068.9098180563456,1072.3791189632545,14643807
2023-03-06,1099.5633544921875,1106.8216933590497,1095.5918675399987,1095.5918675399987,10171916
2023-03-08,1103.5120849609375,1104.265304210858,1088.7443751303776,1099.5632986303585,15782657
2023-03-09,1076.9896240234375,1103.3066574341256,1075.095225544964,1102.8958764013148,16235128
2023-03-10,1060.3046875,1070.0280749321848,1056.8124450060086,1068.8868957671646,13334091
2023-03-13,1042.8665771484375,1070.0281154160118,1038.5298305140532,1063.1806779260546,12771592
2023-03-14,1038.9635009765625,1052.2018311560978,1035.8136967949142,1040.812257084253,16027522
2023-03-15,1021.205810546875,1049.1662111592916,1016.800600298463,1042.6840329673732,21728555
2023-03-16,1016.1157836914062,1028.9433330363881,1005.2968594074098,1023.921951504309,18363159
2023-03-17,1014.8377075195312,1028.007574780085,1010.0901194945558,1024.7208434439497,34014213
2023-03-20,1004.8632202148438,1013.4225471579439,995.1626537042278,1011.1400680229121,19524589
2023-03-21,1036.1102294921875,1038.0732119172073,1012.0528577510236,1012.9430039303461,21400360
2023-03-22,1039.26025390625,1046.0392280531037,1036.2473765076484,1043.0948141638403,10920094
2023-03-23,1026.1131591796875,1036.2016854580306,1023.9447859117854,1035.3343603002547,16249370
2023-03-24,1005.7989501953125,1027.117362031003,1003.3795441878093,1024.9489888672188,12375945
2023-03-27,1021.4338989257812,1028.9432703448797,1004.3838307288752,1012.2812223607901,14054323
2023-03-28,1026.2044677734375,1030.0846702786253,1021.1829653124684,1024.8349561252708,12576424
2023-03-29,1020.1329956054688,1024.743595933455,1009.3596536883372,1022.0958575091914,18804065
2023-03-31,1064.116455078125,1069.7770709600845,1029.2629756900762,1029.3999027039445,28171201
2023-04-03,1064.299072265625,1072.3106311531849,1056.7896998650788,1070.4846960590223,10293043
2023-04-05,1061.74267578125,1071.8540232011114,1053.8453439607506,1071.8540232011114,16262928
2023-04-06,1068.8638916015625,1074.592970502133,1058.2275373074351,1058.2275373074351,18435046
2023-04-10,1061.2861328125,1072.9496819536614,1059.779694186431,1072.7671126043012,12961408
2023-04-11,1066.535888671875,1068.6586196822263,1060.9210357303307,1065.4631729553812,10542367
2023-04-12,1071.23779296875,1080.8925957399235,1063.6599579243734,1066.5357872569193,18179087
2023-04-13,1075.27783203125,1079.9797173840186,1069.1151503508545,1074.1365320735108,12378208
2023-04-17,1080.73291015625,1106.9814803229494,1072.333391852291,1106.9814803229494,17929479
2023-04-18,1068.3619384765625,1085.0925121063174,1061.8111761257844,1085.0925121063174,10405576
2023-04-19,1073.6800537109375,1076.3733137885806,1064.64142217666,1067.768405195298,12273475
2023-04-20,1070.9637451171875,1076.875393044396,1064.5956738732273,1074.638556551585,7007330
2023-04-21,1072.310546875,1077.7884724738815,1066.5586465106753,1073.0637661728558,7647317
2023-04-24,1076.4190673828125,1086.8727319946267,1071.8539885727766,1084.1794719407253,12936186
2023-04-25,1084.6588134765625,1086.7359021827194,1072.995384428631,1080.0710338352167,9236126
2023-04-26,1078.290771484375,1089.2467445727555,1074.6159592843226,1086.005534613959,8617834
2023-04-27,1085.1153564453125,1088.2879820525134,1079.158065119624,1084.1795677314856,9167125
2023-04-28,1104.9500732421875,1106.5022750107378,1087.2608896802224,1087.374995527852,15565210
2023-05-02,1114.3311767578125,1116.4995501680314,1108.4195276994035,1112.1171610071847,12981805
2023-05-03,1104.7674560546875,1116.1342091904096,1101.549188303151,1116.1342091904096,7061872
2023-05-04,1117.503662109375,1119.717677582049,1102.2567073883076,1105.2467632974385,8635233
2023-05-05,1114.650634765625,1123.5979821409157,1112.0258380416835,1114.3083172243437,8746585
2023-05-08,1128.4139404296875,1133.7777597410543,1115.7461404298203,1118.4165791288924,9153782
2023-05-09,1131.90625,1135.2159233997013,1124.4653410768628,1129.8291612797643,6464721
2023-05-10,1139.6895751953125,1141.173192717246,1132.659447469911,1136.6766978121202,10872255
2023-05-11,1132.2486572265625,1145.578272899187,1130.536707274967,1140.7622816578707,10557860
2023-05-12,1134.097412109375,1135.4897449397138,1121.3839680276494,1127.4553650769165,6955341
2023-05-15,1136.334228515625,1143.318592964205,1128.9846046154787,1136.6310244600713,6833343
2023-05-16,1120.1513671875,1141.058816015231,1118.4850597805391,1138.5024831085086,8717229
2023-05-17,1113.5322265625,1125.2641183192468,1108.830341392445,1124.3511508366894,8798967
2023-05-18,1111.1356201171875,1121.6122266625744,1107.9856952056505,1118.2112689036005,10525531
2023-05-19,1114.7418212890625,1116.5678769225615,1104.1967514891073,1111.1355938507186,8050447
2023-05-22,1120.6990966796875,1125.720598669704,1110.3595382742935,1111.5691808774143,7434906
2023-05-23,1120.49365234375,1126.6335119735163,1119.0784985578177,1123.2783175836105,6092034
2023-05-24,1113.9659423828125,1124.8078096781505,1110.8617801773491,1116.5452176617491,8112254
2023-05-25,1113.8289794921875,1117.9603357408223,1102.9187697829475,1111.0672556833676,11487863
2023-05-26,1144.2088623046875,1145.3500415058625,1118.7591533794464,1122.0687058844728,12626260
2023-05-29,1150.645263671875,1154.9363674405995,1144.5282250956022,1150.8278330032474,10010304
2023-05-30,1150.3486328125,1158.451475420254,1147.7921790871794,1150.645307987406,11342504
2023-05-31,1127.5009765625,1145.7381091276332,1123.4382047768395,1141.2416143873527,27107927
2023-06-01,1124.46533203125,1134.34858906371,1122.068746948841,1132.1802156805027,14592692
2023-06-02,1120.7904052734375,1133.412563645759,1118.8731857024297,1128.003101699598,15800644
2023-06-05,1130.856201171875,1133.8234358683376,1122.2739934203582,1126.2684221252366,10908682
2023-06-06,1131.81494140625,1135.626680467698,1123.8947880782737,1133.6866395560062,7493309
2023-06-07,1140.3970947265625,1141.241598708449,1128.7335456658939,1135.3071289198083,10312545
2023-06-08,1141.0816650390625,1148.9334747780272,1137.1329993758209,1143.9804362633743,12071109
2023-06-09,1133.001953125,1145.1447480583759,1131.1987183736474,1144.437171009834,5877018
2023-06-12,1134.006103515625,1136.311403822295,1125.2641468372988,1130.0574375493186,6391969
2023-06-13,1150.759521484375,1151.946463788879,1134.9647365494955,1138.9591656822827,11248016
2023-06-14,1164.910888671875,1166.3488637759137,1149.0019986007082,1150.827933567815,13277380
2023-06-15,1165.23046875,1169.7954267696327,1157.4471223513988,1164.888030487722,11813494
2023-06-16,1176.574462890625,1178.856942021871,1168.72265257123,1168.72265257123,24171579
2023-06-19,1164.8880615234375,1179.5873088461865,1160.7111839901809,1179.5873088461865,6798554
2023-06-20,1167.3074951171875,1170.457299404325,1157.2189687814275,1162.9480481347903,6921096
2023-06-21,1170.59423828125,1173.127750027222,1163.1533304634168,1167.2617442064677,6961603
2023-06-22,1157.4471435546875,1174.702723824018,1155.8494202932393,1166.8053921892115,7619166
2023-06-23,1147.974853515625,1156.4884770186727,1146.7194478373872,1154.434209748897,6628570
2023-06-26,1139.210205078125,1148.2716583591261,1136.0832218598148,1144.437098137329,12641159
2023-06-27,1139.62109375,1145.578264166708,1135.1474200849475,1139.666736088607,9689466
2023-06-28,1154.708251953125,1158.519990797568,1140.2600374666351,1147.1760589375283,11354006
2023-06-30,1164.1805419921875,1167.1021346662303,1156.511421596289,1162.423070452648,11151555
2023-07-03,1194.0582275390625,1196.9341777415286,1166.5086096788432,1167.741194264735,12154387
2023-07-04,1181.755615234375,1198.3036177471888,1174.6798459927943,1198.3036177471888,8061643
2023-07-05,1179.8155517578125,1190.9997357239995,1175.8440646341217,1190.9997357239995,10248062
2023-07-06,1204.5804443359375,1207.1824197013011,1175.958111582341,1175.958111582341,19117987
2023-07-07,1202.2296142578125,1216.5407819731026,1199.6731602419495,1202.8687277617782,13375267
2023-07-10,1248.5411376953125,1258.1047776229054,1221.128565671655,1227.4738168988026,33240016
2023-07-11,1262.076171875,1264.4955779542368,1249.705166712445,1256.6895309307056,20069348
2023-07-12,1263.4683837890625,1279.1034182559108,1260.6837185366455,1262.8064492251153,18733835
2023-07-13,1252.170166015625,1277.7339788902639,1249.545369524751,1270.8408996155135,14682934
2023-07-14,1251.1202392578125,1260.3414396091937,1243.9988277461352,1255.365580017741,15124144
2023-07-17,1276.6842041015625,1285.060901535764,1245.3228457945552,1253.9963391795925,22220040
2023-07-18,1287.52587890625,1295.286283587151,1274.995004828538,1285.9509768018002,25867313
2023-07-19,1297.294921875,1303.7543992835303,1276.8210735612868,1291.8854597114334,39122156
2023-07-20,1295.723876953125,1301.213635792283,1276.014839753512,1276.014839753512,38717624
2023-07-21,1255.6134033203125,1293.2755748788927,1248.1205739980844,1290.3576048302098,30249238
2023-07-24,1230.216796875,1243.8424839995957,1221.2649818512405,1227.0515368964086,23727866
2023-07-25,1229.425537109375,1239.0203294862108,1226.5569523456327,1233.4810641733905,12026020
2023-07-26,1249.4063720703125,1259.6936470475673,1229.029726310642,1229.029726310642,12911012
2023-07-27,1237.7838134765625,1255.06933898356,1231.6758304667376,1253.2889256301971,17226898
2023-07-28,1250.2225341796875,1257.6412248805652,1236.7204929547063,1242.4081558253793,20827852
2023-07-31,1260.8065185546875,1263.1062644351005,1245.3261593927457,1250.222567835286,8551174
2023-08-01,1242.9769287109375,1265.6286894674379,1239.0697997346808,1263.6503718598296,9536632
2023-08-02,1229.697509765625,1242.383422770223,1218.4458286875906,1240.9985763343113,12748214
2023-08-03,1224.5291748046875,1236.8936606795558,1215.7010043381908,1224.23249959185,10168350
2023-08-04,1241.171630859375,1244.3616435147105,1222.4023686926273,1235.8549028515122,22885610
2023-08-07,1248.244140625,1250.494380069662,1238.9212715800145,1246.8345411789287,5982870
2023-08-08,1240.7264404296875,1253.486611833248,1236.2258407843067,1250.2965991690858,9844072
2023-08-09,1248.911865234375,1250.7912910864598,1227.1009863432985,1238.8472469851743,11486586
2023-08-10,1254.4759521484375,1261.1775274732204,1240.627728317359,1248.7882887892447,15470598
2023-08-11,1259.767822265625,1265.5544976220099,1242.5565564009414,1252.4975295128647,22179330
2023-08-14,1274.6546630859375,1277.1523130180672,1248.8128913733601,1255.737002454242,9575812
2023-08-16,1273.6160888671875,1277.3996937112483,1261.672044700447,1261.672044700447,10203112
2023-08-17,1255.2425537109375,1275.0752365265755,1252.695518025622,1269.6348629683328,13673744
2023-08-18,1264.54052734375,1274.8278021449016,1240.6770733077956,1251.9040005908723,18639978
2023-08-21,1250.74267578125,1268.3374245054665,1248.5836072167706,1260.6443643964944,9221746
2023-08-22,1250.44482421875,1259.6517042081298,1240.319812990251,1249.204008079304,7713044
2023-08-23,1251.8345947265625,1262.0838090060652,1249.2288807667073,1252.8272476636503,9517952
2023-08-24,1230.7904052734375,1260.6195534341234,1226.4227081001463,1260.6195534341234,14140020
2023-08-25,1225.1075439453125,1243.2978613921046,1212.3271367872899,1218.9778633049934,22222400
2023-08-28,1212.8978271484375,1232.8749678308823,1206.6193456890517,1226.9190501118926,12580826
2023-08-29,1201.2838134765625,1217.7121468384466,1195.2285336373561,1217.0173382536789,16876644
2023-08-30,1200.1422119140625,1212.5255327642963,1198.628391987628,1207.0659417448908,12168946
2023-08-31,1194.65771484375,1203.5915905675504,1191.133748727762,1202.5989377093504,21638600
2023-09-01,1197.4619140625,1203.9141576589248,1192.0023233270636,1194.4343955405523,18112842
2023-09-04,1196.494140625,1202.921543874001,1193.8140262826475,1197.4619529612135,9347626
2023-09-05,1202.8968505859375,1208.033756715794,1197.3627378820318,1201.1100268699734,8675876
2023-09-06,1205.4281005859375,1209.125708635972,1199.745186611218,1201.6560920331103,8200370
2023-09-07,1207.06591796875,1210.1679582595825,1196.6430625915527,1201.9537313347682,13652572
2023-09-08,1215.1064453125,1218.9778160313297,1202.5742018862823,1211.0365924741222,23109288
2023-09-11,1228.20947265625,1229.326207160582,1216.9924464989115,1216.9924464989115,13271074
2023-09-12,1210.4659423828125,1232.3787090583842,1209.0265228175713,1232.3787090583842,16255666
2023-09-13,1216.52099609375,1222.2783103355039,1204.2120756300537,1211.0365644667,12803338
2023-09-14,1217.6376953125,1223.8417758931353,1213.5181615722684,1220.9630582690309,9209636
2023-09-15,1219.8961181640625,1224.9337835939812,1215.7517434819517,1224.9337835939812,25468592
2023-09-18,1209.274658203125,1216.4962329024152,1207.0908701058952,1211.061482045193,7516300
2023-09-20,1182.323974609375,1204.8821081322808,1168.8487603007638,1202.623798606989,57081884
2023-09-21,1173.712890625,1186.2699748730859,1171.3304992731428,1178.750555955457,12226182
2023-09-22,1168.8240966796875,1182.47307577697,1166.3673046768697,1179.2717940052096,19176786
2023-09-25,1161.6273193359375,1171.6779308453931,1158.9720452955405,1166.5657437194718,14254884
2023-09-26,1162.6446533203125,1166.4663425671888,1159.2200494490667,1160.684188171601,10087782
2023-09-27,1175.7476806640625,1177.1871000752483,1160.6594050312615,1163.1410372849095,11722778
2023-09-28,1158.4755859375,1182.7459002555731,1153.9589668880435,1182.7459002555731,14518346
2023-09-29,1163.8856201171875,1175.847137006539,1158.475709840611,1162.2973995824232,12342014
2023-10-03,1150.55908203125,1159.220075299941,1149.492028660551,1156.415758225436,8859056
2023-10-04,1148.5738525390625,1150.981084388904,1139.1189302205564,1146.0178196869251,10286386
2023-10-05,1148.549072265625,1156.14276991832,1146.017758932428,1151.105104982258,10953682
2023-10-06,1150.4847412109375,1153.8597853939605,1147.5316229908371,1150.0132553057874,5431026
2023-10-09,1140.6822509765625,1147.4818990309532,1139.0691900320726,1145.5711149238573,7576878
2023-10-10,1145.719970703125,1150.435072150941,1143.4121010954177,1144.8018394410437,10236032
2023-10-11,1163.910400390625,1166.2182699823193,1148.0031129607796,1148.7227620999727,9814118
2023-10-12,1166.0693359375,1171.0078811502246,1160.485663265934,1163.3148210249558,12554450
2023-10-13,1166.0198974609375,1170.0897506197043,1156.0188455521982,1161.4040366702475,10150316
2023-10-16,1163.4140625,1168.6254903286665,1159.4186102633319,1163.885548402189,5929036
2023-10-17,1168.972900390625,1171.18152891328,1162.0491704758838,1169.3451452373686,7928180
2023-10-18,1153.4627685546875,1174.8048077319042,1151.9737890772074,1168.9729714451066,8918320
2023-10-19,1144.603271484375,1152.37085365543,1142.0472385636656,1147.5068298823098,12032556
2023-10-20,1141.104248046875,1148.846868358942,1139.7145096810816,1141.5508934053469,8913312
2023-10-23,1123.2861328125,1144.6530132953733,1119.3403612940447,1136.5877075106362,7853962
2023-10-25,1120.6802978515625,1132.219887961399,1113.2602415640138,1116.7593673158804,11620688
2023-10-26,1105.0709228515625,1120.7052071856403,1101.9937228681183,1117.2309217780673,15222534
2023-10-27,1124.5765380859375,1128.3982276638756,1109.761144511754,1111.7712909465938,11771084
2023-10-30,1147.7548828125,1153.958963260135,1126.6361687340607,1128.6463150337838,16813304
2023-10-31,1135.5452880859375,1155.4480281047179,1133.0636557231696,1155.4480281047179,12808438
2023-11-01,1140.2603759765625,1150.236586425296,1129.2419526519689,1136.1656826268284,10309190
2023-11-02,1151.57666015625,1153.6116471680004,1145.4966608528325,1148.4746196953226,10562104
2023-11-03,1151.3284912109375,1158.897469898072,1149.3680258840427,1155.0509397455937,8850156
2023-11-06,1160.9075927734375,1161.4039192346488,1154.256866662586,1157.5822297180116,10647304
2023-11-07,1153.3634033203125,1160.9572220726066,1151.2540159543112,1158.4507493206686,6960204
2023-11-08,1159.368896484375,1161.900209827792,1152.3459257444151,1157.4332718147846,7884494
2023-11-09,1146.787109375,1159.3689122452765,1143.6353879313751,1159.344192861405,14513610
2023-11-10,1148.946044921875,1149.6658152095554,1140.5830169850344,1144.3054653415224,7734954
2023-11-13,1148.7972412109375,1153.7605056745233,1147.3578218124285,1152.9166537769547,3854810
2023-11-15,1169.5684814453125,1172.2982770196893,1154.9516911953863,1161.4039352802765,12220648
2023-11-16,1171.6778564453125,1178.3534231349859,1164.8533675821152,1166.9131951067154,13134910
2023-11-17,1169.121826171875,1177.9067803474445,1167.3846835483773,1167.8064883385834,7758634
2023-11-20,1166.044677734375,1170.5363354915235,1159.617152805321,1165.647592311094,4490186
2023-11-21,1180.7109375,1185.227556641674,1171.4296571663483,1174.3083747965666,8214450
2023-11-22,1185.326904296875,1188.4289448727575,1177.3856804226161,1178.7754188353035,8534814
2023-11-23,1188.9500732421875,1191.1835423841578,1185.3268657327444,1185.3268657327444,8531542
2023-11-24,1188.1558837890625,1192.474021001291,1186.7414260587238,1187.0144298509326,6749486
2023-11-28,1188.404052734375,1191.034607263244,1178.899449291774,1188.1558894990753,13792174
2023-11-29,1191.5308837890625,1197.1145563492605,1190.2156671664848,1195.1540911072586,12531306
2023-11-30,1179.9913330078125,1191.530923348677,1176.2440439527552,1188.5529645510346,28439984
2023-12-01,1188.3544921875,1189.3967050711567,1180.0658643673892,1180.2643464861462,14342842
2023-12-04,1201.209228515625,1215.9997806950958,1190.4886500919326,1215.9997806950958,15590990
2023-12-05,1209.9197998046875,1211.4584602643838,1201.9288955146308,1210.540207865299,12693624
2023-12-06,1221.5091552734375,1227.3905513904704,1208.5549856031337,1214.560584514323,16422442
2023-12-07,1219.4990234375,1221.4346482742724,1212.0292855470004,1220.9631623446442,8142096
2023-12-08,1218.853759765625,1229.251775342433,1213.5182500771466,1222.874052744466,10204894
2023-12-11,1220.6405029296875,1224.7351961410227,1217.1909371644088,1218.9777608532804,7066138
2023-12-12,1203.1202392578125,1223.41994400905,1201.1844932637518,1220.9631521449135,9197124
2023-12-13,1208.03369140625,1210.2176004047437,1194.3103140708777,1202.102614795848,10031182
2023-12-14,1223.0228271484375,1228.3831772791464,1212.3518080035872,1217.9851619285064,16972354
2023-12-15,1238.6324462890625,1240.8162343922088,1225.951280138882,1229.8970515295573,15932152
2023-12-18,1251.239013671875,1258.1379030406688,1236.3243792186838,1238.6323699765335,14165188
2023-12-19,1269.6527099609375,1277.4945707453207,1253.3234974409622,1268.1140495332209,16820604
2023-12-20,1254.2913818359375,1289.8780864366483,1250.7426960684581,1276.080186427869,17736722
2023-12-21,1271.8614501953125,1277.2962009364337,1249.8741628164655,1254.2170195322976,13765454
2023-12-22,1273.1021728515625,1280.968874306117,1264.4660199985942,1270.3972179591544,16541784
2023-12-26,1279.554443359375,1286.453332624264,1271.935783794956,1274.5663382448713,7465664
2023-12-27,1283.922119140625,1290.3990823415181,1277.0976304877347,1281.514887400953,9204156
2023-12-28,1293.203369140625,1296.4046504171113,1283.9220890250845,1285.3862277761266,12302636
2023-12-29,1282.9791259765625,1297.397434632089,1280.174929799553,1295.9581362918193,10864584
2024-01-01,1285.6097412109375,1293.8488097378856,1277.1225094292433,1280.7953983035607,4030540
2024-01-02,1296.255859375,1297.8937610136477,1277.0480485996618,1283.0039664322292,7448800
2024-01-03,1282.16015625,1307.3238832997818,1279.132516403198,1295.412048372221,9037536
2024-01-04,1288.7860107421875,1295.337616733607,1280.0755785995668,1284.4928354763001,9612778
2024-01-05,1294.2705078125,1300.3009471094986,1289.456165302221,1291.8881165287519,8086406
2024-01-08,1284.17041015625,1306.3064992127524,1275.0379299096924,1295.412156841061,7734652
2024-01-09,1280.7703857421875,1293.8237954235035,1279.132484246134,1290.4487513775189,5403074
2024-01-10,1315.3148193359375,1319.7320764251056,1278.0654937339266,1279.0333061103788,11102740
2024-01-11,1349.9088134765625,1352.489686993197,1318.7394856296971,1319.7321386109766,23725852
2024-01-12,1360.6541748046875,1363.2350482099334,1335.8626919019084,1349.9087552154863,15012164
2024-01-15,1383.8822021484375,1386.190071634762,1355.9638397810568,1364.8977157386187,8610594
2024-01-16,1364.5255126953125,1386.0413130880693,1360.4308194226976,1379.7627106993223,9069024
2024-01-17,1351.5714111328125,1376.0900120502974,1345.0696069219948,1349.5117047016763,12197382
2024-01-18,1357.8995361328125,1360.92717605878,1341.3222805612156,1341.4712027363942,10279438
2024-01-19,1357.4031982421875,1365.890429247957,1349.015329468004,1365.890429247957,10422704
2024-01-23,1318.8138427734375,1361.6716823004633,1312.8332056966303,1361.6716823004633,20055420
2024-01-24,1334.00146484375,1339.5851376107455,1314.1980872328543,1325.4149927095905,21919128
2024-01-25,1343.1337890625,1354.1274927557365,1325.390118278632,1333.0831783387705,11808872
2024-01-29,1437.4111328125,1441.8283899094502,1350.1817560391485,1354.474931519067,23893438
2024-01-30,1397.2830810546875,1449.2484377227322,1394.1066401470152,1449.2235971647833,14093978
2024-01-31,1416.1434326171875,1423.7124109217216,1392.1956815880876,1393.6846609266845,15130226
2024-02-01,1416.1683349609375,1432.745590517861,1407.631543948549,1424.4569627393994,13349362
2024-02-02,1446.990234375,1464.0639387350582,1422.6455164089482,1422.6455164089482,19652588
2024-02-05,1428.452392578125,1459.6961190035063,1421.007495677393,1450.0177530325548,8814432
2024-02-06,1417.3099365234375,1431.256637826339,1409.3934322746634,1431.256637826339,9047984
2024-02-07,1431.554443359375,1438.8504181404362,1418.7491963623445,1425.3752031215413,9296568
2024-02-08,1439.4708251953125,1448.752105824393,1417.0368932886952,1439.3467435794867,14694634
2024-02-09,1450.0177001953125,1461.1602045826953,1440.2896534634558,1443.31729322881,12556798
2024-02-12,1441.679443359375,1450.2659153474917,1431.7529141646626,1450.017752117624,6674430
2024-02-13,1454.335693359375,1468.1335924657844,1443.3172707540573,1444.806250056761,7715594
2024-02-14,1470.4912109375,1472.749520552248,1446.7916226083244,1446.7916226083244,7117888
2024-02-15,1459.79541015625,1473.8166331337911,1455.7503978374216,1472.4517353218182,10006782
2024-02-16,1449.843994140625,1466.1483668657747,1447.8339689108675,1465.6271998466532,9767498
2024-02-19,1463.17041015625,1468.6300012389227,1442.8458657695369,1451.3082561823699,6729828
2024-02-20,1460.21728515625,1464.659382736365,1451.0600862084646,1464.1878968342883,7117496
2024-02-21,1456.916748046875,1477.5888193115914,1446.8414171157522,1463.170510366537,12720292
2024-02-22,1470.863525390625,1474.0399663973683,1447.2880175600008,1457.36346935178,18493728
2024-02-23,1482.6512451171875,1486.5474563697878,1472.4517119404402,1478.556551746289,14438584
2024-02-26,1476.3974609375,1483.5446346905887,1471.607959051116,1482.5768223248915,7513106
2024-02-27,1474.73486328125,1488.9297276070065,1467.1907251784094,1472.1291493159843,10826044
2024-02-28,1444.930419921875,1480.3185210789975,1439.5205099276588,1472.1042938560004,8647950
2024-02-29,1450.0675048828125,1468.1088998815815,1443.8385832706604,1454.2365988812116,23628976
2024-03-01,1481.1622314453125,1488.979373154373,1451.7548888255137,1452.7475417409498,12132926
2024-03-04,1496.3250732421875,1501.337897909408,1476.2982516112518,1479.5243736818861,10024420
2024-03-05,1489.177978515625,1496.3251528023525,1475.1320355384912,1494.712091681268,7107668
2024-03-06,1491.957275390625,1497.9131926576536,1467.6372798835923,1482.4773919378927,7805676
2024-03-07,1468.059326171875,1492.056638756749,1464.7091224345347,1491.9325571368477,8315726
2024-03-11,1455.8248291015625,1478.060279979328,1452.747629113329,1478.060279979328,11277130
2024-03-12,1464.5849609375,1477.0675227494196,1454.261346490045,1455.8247263461558,9432678
2024-03-13,1421.6527099609375,1472.2034859914554,1417.2850129833478,1468.9029635812572,13522134
2024-03-14,1420.957763671875,1437.8825438227764,1415.0266869213976,1429.1223094125826,18571102
2024-03-15,1407.80517578125,1422.694969713975,1402.5193474045138,1415.4733954219128,19223818
2024-03-18,1428.899169921875,1431.1326391984185,1406.1178317705178,1409.56727675182,9169392
2024-03-19,1414.778564453125,1427.0378036957165,1406.8373411480031,1418.252849649116,8275764
2024-03-20,1433.1427001953125,1434.3835163859578,1413.562644941621,1417.4587350761735,8488806
2024-03-21,1440.3145751953125,1447.1887452733042,1434.060934378195,1441.8532357214951,13006936
2024-03-22,1444.3348388671875,1449.2732629085037,1436.716179238339,1439.321893152815,19527608
2024-03-26,1430.983642578125,1441.7291835759677,1428.4276096750873,1434.3835274360674,11415906
2024-03-27,1481.8818359375,1488.979328303771,1436.368725370371,1437.3613782559069,16326644
2024-03-28,1474.933349609375,1494.8856495085238,1467.786296896486,1481.90676076149,21854364
2024-04-01,1473.8662109375,1482.9985690062601,1471.60790139039,1481.5095896793896,5013880
2024-04-02,1476.025146484375,1483.0233977342266,1464.1629930776332,1473.0968689675985,8910166
2024-04-03,1460.7880859375,1473.5436523631188,1458.1079713887636,1471.186101560143,7008292
2024-04-04,1452.1767578125,1468.8780939901114,1439.3466709144527,1468.8780939901114,14490272
2024-04-05,1449.3724365234375,1459.9938949751336,1445.3025839763254,1450.1417667351745,7442298
2024-04-08,1475.057373046875,1480.0206375610207,1450.2658910334067,1452.226356281804,8357118
2024-04-09,1452.896484375,1478.8543827139295,1451.7549092714805,1478.060211901015,7071414
2024-04-10,1468.7044677734375,1476.0749645358123,1455.5766564963697,1455.5766564963697,9138330
2024-04-12,1456.370849609375,1475.5538200544618,1452.3257159957793,1465.0317226594827,15551012
2024-04-15,1454.062744140625,1471.2356878788278,1435.6986653849476,1450.2658952456557,12902062
2024-04-16,1454.98095703125,1460.3661473678603,1440.2649265731254,1442.6720371000315,9366184
2024-04-18,1453.5665283203125,1475.0823301585979,1448.628103973215,1452.7476380801534,19005692
2024-04-19,1459.323974609375,1463.1705049395248,1432.4231028577299,1446.0720814485837,15741778
2024-04-22,1468.9774169921875,1471.9305352298081,1457.0160218672338,1461.6317610616636,10350362
2024-04-23,1448.603271484375,1482.5272357774581,1444.8561033979943,1468.1337674689391,14605554
2024-04-24,1439.5205078125,1457.7605053579202,1438.8504186169605,1452.7475596039474,10462776
2024-04-25,1449.2484130859375,1457.189636393573,1430.9091747445573,1431.9018276580116,15943926
2024-04-26,1441.8780517578125,1454.236532179651,1439.3467383348082,1453.194198141131,9413848
2024-04-29,1454.2613525390625,1457.1152296530197,1439.3467183436048,1439.3467183436048,7247974
2024-04-30,1456.221923828125,1472.178772035999,1452.1272302795285,1457.214576809603,11474262
2024-05-02,1455.775146484375,1466.4708844514234,1453.3679147531318,1461.1850562736174,14512646
2024-05-03,1423.46435546875,1464.1134460205978,1405.7455242326487,1460.1925152681529,17226958
2024-05-06,1409.095703125,1429.4202480421582,1407.5818831415143,1424.9533097670264,7394208
2024-05-07,1391.17822265625,1410.311631866643,1381.772860502106,1405.571689953147,14517472
2024-05-08,1408.1278076171875,1422.42191231512,1387.2324157830615,1387.2324157830615,9439002
2024-05-09,1383.8822021484375,1413.2895438420787,1379.7875090012217,1402.6185253372132,11009612
2024-05-10,1397.0845947265625,1399.6406275450738,1377.8766636438304,1386.4879762578594,10505096
2024-05-13,1392.394287109375,1396.6379028351905,1373.8317248456565,1389.6149314683873,8456620
2024-05-14,1409.6416015625,1416.5901722719507,1389.7389824487905,1390.681954289976,7188300
2024-05-15,1405.86962890625,1419.468926315315,1402.6435067088078,1410.063563528233,5046534
2024-05-16,1414.8778076171875,1417.0120356183081,1387.75361519461,1408.1278405018506,14711774
2024-05-17,1425.15185546875,1426.6408349602225,1402.8668442157614,1412.5948920294334,10916476
2024-05-21,1425.57373046875,1431.231803864575,1415.1260338425998,1415.1260338425998,11176128
2024-05-22,1449.91845703125,1457.9837617014118,1425.722543020764,1425.722543020764,10281604
2024-05-23,1475.1319580078125,1481.2615172416956,1444.3100355832012,1447.8340020088174,14608260
2024-05-24,1469.37451171875,1477.5638984586112,1465.2549777906743,1472.724715385057,7094776
2024-05-27,1455.4774169921875,1473.990419113941,1450.8119965034373,1469.3497180106694,6629010
2024-05-28,1445.501220703125,1467.637430621861,1442.0766163922278,1457.2145743340495,7820162
2024-05-29,1430.1895751953125,1447.287997987601,1427.8815843874524,1435.8724890871501,7383556
2024-05-30,1414.3814697265625,1429.817270893488,1409.6663684202383,1424.9532474164846,13206858
2024-05-31,1419.8907470703125,1431.653659822201,1411.800601617005,1420.7841589242364,31069832
2024-06-03,1499.228515625,1503.3728901534053,1448.2806515244756,1472.1043222829317,21527942
2024-06-04,1387.0091552734375,1487.0437791255476,1349.3131842665355,1487.0437791255476,36709098
2024-06-05,1410.3116455078125,1420.6352601794422,1373.9308915121778,1411.5524616660985,17464890
2024-06-06,1421.0819091796875,1433.0929853880773,1410.9072166555904,1424.4569533735907,17855722
2024-06-07,1459.1500244140625,1461.1850112482903,1416.0193060772324,1418.004611799037,18558696
2024-06-10,1460.5894775390625,1482.3781598703026,1457.2888339961758,1459.150058153404,9251760
2024-06-11,1445.9727783203125,1462.847878399236,1443.9874724286744,1458.20717740815,11774902
2024-06-12,1452.57373046875,1465.155654220818,1444.4837064170613,1446.7915758989445,10081742
2024-06-13,1454.4847412109375,1461.433311890669,1449.3725542618724,1461.1851486521073,9181160
2024-06-14,1466.6944580078125,1468.8038455887872,1446.518713499826,1459.199879544848,8157998
2024-06-18,1470.1439208984375,1476.4720837189377,1460.5399547367645,1476.4224025999808,7196766
2024-06-19,1447.9332275390625,1476.571240472528,1445.3026730272272,1476.571240472528,8725874
2024-06-20,1462.87255859375,1471.9553570393568,1439.4459739347105,1448.2806091505108,16113776
2024-06-21,1443.515869140625,1463.8652545834836,1429.9909727182371,1462.7982011333013,31170360
2024-06-24,1430.88427734375,1438.8503408924523,1426.9385064042085,1434.9045699529108,8878386
2024-06-25,1443.46630859375,1445.2282918111714,1430.4128980926341,1432.3982039886682,7045386
2024-06-26,1502.9013671875,1507.8149506909176,1434.5075565031482,1435.425808927042,22014882
2024-06-27,1519.3050537109375,1526.2039433921725,1494.935374795845,1502.6284353235128,28383030
2024-06-28,1553.89892578125,1569.3842873036351,1519.7764812043604,1519.7764812043604,28957336
2024-07-01,1548.6875,1567.7960689891884,1544.2454023527885,1551.0450507194453,7724306
2024-07-02,1553.675537109375,1561.939323957406,1545.5605512562322,1557.968712393485,7749246
2024-07-03,1541.019287109375,1563.4283787351976,1531.440162014497,1554.8170660210362,9049620
2024-07-04,1542.6075439453125,1555.983518377374,1539.4062623766438,1545.5606622734106,6837176
2024-07-05,1576.9532470703125,1586.755694667964,1536.6267221432645,1542.4088769403465,12269710
2024-07-08,1589.1380615234375,1596.9800437158895,1570.8980643748457,1577.325467706802,9500806
2024-07-09,1578.5911865234375,1588.7410386525216,1568.887979750272,1585.8623208770043,6960002
2024-07-10,1572.5855712890625,1585.7630632323035,1551.6654591589945,1583.2814308954767,7134578
2024-07-11,1569.036865234375,1592.4634499565013,1558.9614138424095,1575.8365135146928,11940946
2024-07-12,1584.9937744140625,1593.3569240772113,1562.9320865975437,1572.8586162043875,12924784
2024-07-15,1585.4901123046875,1594.0517441522056,1573.8512804915936,1592.6620057625546,5329688
2024-07-16,1564.669189453125,1588.24469666931,1557.5965372882695,1581.792452589091,9386838
2024-07-18,1575.0177001953125,1582.1895936713806,1546.3795650620239,1564.4210812674708,12298374
2024-07-19,1543.7242431640625,1578.293333314245,1541.3915329908289,1574.3475621142547,13140390
2024-07-22,1489.6495361328125,1526.203933085127,1488.2597977476694,1525.9557698439748,19674376
2024-07-23,1476.96826171875,1494.6870915999891,1452.2511804820083,1489.9719903646578,18052044
2024-07-24,1484.7109375,1498.4095963901725,1465.552808673545,1474.0895996286229,11913362
2024-07-25,1481.435302734375,1489.4509269223795,1466.2228234080762,1470.1190347480779,12519876
2024-07-26,1497.9381103515625,1501.3131545447015,1479.4002684339398,1481.4352554076795,9859940
2024-07-29,1508.931640625,1516.2772962786503,1500.6678537480493,1500.8414953005092,7538550
2024-07-30,1502.0328369140625,1513.7957501477324,1498.9059558839842,1505.8793670988641,8228208
2024-07-31,1494.364501953125,1499.3524857083617,1490.1208866802617,1492.9499231376883,10057346
2024-08-01,1504.1671142578125,1506.8472288436842,1493.2479314401046,1500.8913109431162,10764222
2024-08-02,1488.309326171875,1498.2358556077295,1482.303848567256,1493.9426800961044,10268248
2024-08-05,1436.69140625,1472.997761203301,1422.7198642160924,1469.126390399314,17046704
2024-08-06,1445.352294921875,1466.6446510309138,1440.6619130584993,1444.4588830824964,10236186
2024-08-07,1454.062744140625,1461.6814036613468,1450.7622216985117,1458.2071184913539,8174568
2024-08-08,1438.4781494140625,1454.2365143735713,1435.3017085687702,1446.8164580997684,12387192
2024-08-09,1463.46826171875,1465.6520496932055,1445.3026646483625,1449.2732763644294,6249776
2024-08-12,1449.8936767578125,1462.1777566892652,1447.0397996020206,1459.199797918004,8184584
2024-08-13,1452.8717041015625,1459.2742672925806,1447.28803114191,1450.0178268110735,6265064
2024-08-14,1451.109619140625,1461.1850703208015,1443.0194737625147,1452.7972017764512,6267466
2024-08-16,1467.339599609375,1469.5235088888628,1447.3377388233519,1457.8598362701878,9416902
2024-08-19,1482.4791259765625,1492.3397678065596,1474.6105280885965,1476.6025720306277,13797742
2024-08-20,1489.9990234375,1497.9423959482733,1484.0976661921165,1491.268975771349,8411808
2024-08-21,1492.7132568359375,1501.8766102174725,1484.072717714687,1487.30978907883,7769996
2024-08-22,1492.1654052734375,1500.5070892244864,1484.720165407205,1497.0210123494212,10445782
2024-08-23,1494.008056640625,1505.3128818837536,1492.4642955105633,1497.768063961028,9249654
2024-08-26,1506.5828857421875,1516.941539085057,1497.021098650585,1500.9802618699923,8816114
2024-08-27,1494.481201171875,1507.4544123852302,1493.485179145279,1504.4912711730515,6251156
2024-08-28,1492.33984375,1501.4782728482842,1487.0608784010915,1499.0131426615155,9610286
2024-08-29,1514.874755859375,1530.885760314005,1488.0568158159556,1497.1205913811584,38335358
2024-08-30,1503.6197509765625,1533.599989641746,1497.3447635789732,1527.89778785993,41620730
2024-09-02,1510.2183837890625,1520.7264647058682,1500.6316718721823,1504.8647654458696,11240852
2024-09-03,1503.1217041015625,1516.941509382377,1501.5031683479538,1515.1984708784905,10923800
2024-09-04,1508.525146484375,1511.4633627071519,1493.534966971581,1494.7301447200666,11983304
2024-09-05,1487.035888671875,1519.7054581926027,1481.1345314015284,1513.0072347057646,16264168
2024-09-06,1458.997802734375,1491.0448575756723,1455.8105811316245,1486.5627588054047,19394228
2024-09-09,1456.63232421875,1464.07768593117,1449.809597840599,1460.666261949736,9010298
2024-09-10,1455.7110595703125,1466.1942153054945,1451.7766997689328,1454.6901127162012,10768260
2024-09-11,1445.7259521484375,1462.9073318760024,1441.7917138302157,1457.2300550346945,9760202
2024-09-12,1473.913330078125,1480.088617533546,1440.1232367942907,1451.2039809867947,22349376
2024-09-13,1466.766845703125,1477.2500011980833,1463.6542770635715,1470.5268529366479,8711328
2024-09-16,1465.4969482421875,1475.0090069946318,1458.9232273463058,1471.6723576050656,5481774
2024-09-17,1466.4432373046875,1471.5975781970765,1460.790763828237,1468.1364260685732,5935328
2024-09-18,1457.6282958984375,1476.10455198121,1454.7399294679985,1464.1522884024148,8574714
2024-09-19,1463.82861328125,1470.6264144806405,1449.7598031867433,1460.4171894563083,16955902
2024-09-20,1480.0140380859375,1489.0528890965668,1465.5218693608433,1468.136427109257,30897320
2024-09-23,1487.434326171875,1495.5270047691104,1483.026880271187,1485.0687739665293,8832314
2024-09-24,1483.4501953125,1494.530939532627,1481.9561623839436,1482.5786761041754,17137444
2024-09-25,1488.0069580078125,1490.5468626388433,1474.3116560624171,1477.9970102640052,7069002
2024-09-26,1491.9910888671875,1498.017070530802,1482.1305684499498,1484.7202013028073,18818998
2024-09-27,1520.1038818359375,1527.3747692811157,1486.0647823070499,1493.0369361114394,20597478
2024-09-30,1470.701171875,1518.9086621673466,1468.5348969230117,1513.3558880158446,27008814
2024-10-01,1458.997802734375,1482.0308103038055,1457.0057588364782,1474.7599230273088,16431642
2024-10-03,1401.3780517578125,1443.634334423912,1396.4975195620746,1430.8602791168494,37757294
2024-10-04,1381.0093994140625,1411.711728297617,1376.2782950115372,1398.34020617394,37072876
2024-10-07,1365.272216796875,1390.9447078848398,1355.9594355150189,1387.9566419173104,22181340
2024-10-08,1391.791259765625,1395.4267642320656,1359.669551595401,1367.513224520688,17020808
2024-10-09,1369.1318359375,1395.4019165531051,1367.0402140253339,1391.9656892391695,14310610
2024-10-10,1365.595947265625,1380.4864268287754,1363.9774115920343,1374.5352199766685,22358646
2024-10-11,1366.6417236328125,1377.7723178051706,1363.3797273571677,1364.5501018082973,7980122
2024-10-14,1367.0650634765625,1374.5849563155427,1362.8070452852592,1373.962442591221,12221432
2024-10-15,1338.678466796875,1366.243302159234,1335.3666207605413,1353.1207855156183,33762794
2024-10-16,1348.6884765625,1358.5740438069333,1332.3039628645522,1334.6695151768993,20034438
2024-10-17,1351.0291748046875,1363.0062419523483,1346.6715786036464,1360.2671814831224,15543660
2024-10-18,1353.8927001953125,1362.9814005892638,1335.9891081789099,1346.796043723323,12082452
2024-10-21,1363.7532958984375,1368.5342502099143,1352.3239675798945,1361.686598848784,14067408
2024-10-22,1338.006103515625,1370.5262455038624,1334.8935348257999,1363.7532474009167,15831960
2024-10-23,1333.2003173828125,1352.0748848775756,1329.689315659354,1332.1793705575924,17214742
2024-10-24,1334.4703369140625,1338.3547254831988,1317.8616212723593,1329.9633130042932,22155934
2024-10-25,1322.5677490234375,1339.002111534351,1316.7410448137834,1338.1555171764887,18597496
2024-10-28,1329.0418701171875,1347.6177038778262,1316.8406011796387,1331.6813526124565,10824350
2024-10-29,1334.66943359375,1337.856655249044,1315.0478495098762,1322.8167478889227,12008361
2024-10-30,1338.553955078125,1344.62966480214,1320.0776988278842,1329.6893351932274,11984423
2024-10-31,1326.7510986328125,1337.6574904459744,1320.8745447599274,1334.6694245700712,9331650
2024-11-01,1333.3248291015625,1336.6116286385318,1327.6972806767253,1327.7471304089104,2127335
2024-11-04,1296.9700927734375,1334.6695017714562,1279.9878687625326,1332.5280301195805,19796890
2024-11-05,1300.1075439453125,1304.3406373759979,1281.0336986406933,1287.8564249120313,16267479
2024-11-06,1320.0777587890625,1323.0160966964434,1295.0277806900112,1304.7888451117578,21625209
2024-11-07,1300.4561767578125,1318.7331565363688,1297.4182609581876,1318.7331565363688,9611974
2024-11-08,1278.6431884765625,1296.4720058402277,1269.9279963447846,1292.4879180085577,19814406
2024-11-11,1267.6370849609375,1280.884225507143,1261.9598084895413,1273.8622221377802,9056552
2024-11-12,1269.1810302734375,1284.1712099692156,1262.4578817905294,1270.4759075040322,10671091
2024-11-13,1247.0693359375,1270.3761523895544,1244.5294313213271,1265.196886863478,14633633
2024-11-14,1262.5574951171875,1267.537605244334,1246.1231316976048,1248.613186761178,12612633
2024-11-18,1255.7347412109375,1267.8364328732807,1238.951794764919,1262.55746761959,13620611
2024-11-19,1236.710693359375,1276.4021442257297,1230.236550606767,1255.734688515481,14183746
2024-11-21,1218.1348876953125,1239.0014996478671,1212.407761281373,1236.7107220331202,19433843
2024-11-22,1260.3662109375,1263.8024380613526,1217.586994857739,1224.509420421979,20471957
2024-11-25,1281.8802490234375,1299.260783408558,1277.3483005192684,1284.868314871977,28923341
2024-11-26,1290.545654296875,1292.687125909721,1279.0914013187908,1289.7986377983043,9247557
2024-11-27,1288.0555419921875,1298.6632001168684,1280.8842325588682,1288.3543972122054,9572746
2024-11-28,1265.7447509765625,1291.442044503892,1264.0017125526565,1284.818474176107,15027412
2024-11-29,1287.0595703125,1294.3305794929802,1270.177046170391,1274.9081506356404,13202307
2024-12-02,1303.9422607421875,1306.133460567327,1271.9699779978703,1282.876370557777,11024152
2024-12-03,1318.035888671875,1321.5219654799555,1301.8006823317874,1311.7609017834461,16869482
2024-12-04,1303.742919921875,1323.1156203515295,1298.8625094957517,1320.7251432865569,19608540
2024-12-05,1316.7908935546875,1324.6593698468237,1300.9541199209712,1309.1214514378748,16858723
2024-12-06,1306.3326416015625,1318.6334884089777,1304.7887589399247,1318.6334884089777,9037514
2024-12-09,1289.9979248046875,1309.7689372979064,1287.9560310594236,1297.8166732313093,14650002
2024-12-10,1279.73876953125,1289.7488386952925,1275.107243177966,1284.121290398709,16043729
2024-12-11,1273.115234375,1284.8683422637005,1270.9738844056644,1279.8882324099652,11724373
2024-12-12,1257.876220703125,1273.1152845047754,1255.5853214463157,1264.9479526569407,20906813
2024-12-13,1267.78662109375,1270.1272485556606,1234.6688884780408,1254.9877622795104,28630222
2024-12-16,1263.2547607421875,1275.904191603511,1261.511722229068,1269.9280595585296,9486781
2024-12-17,1240.34619140625,1258.8721754853295,1237.8561365143116,1256.033537225462,17462791
2024-12-18,1248.2645263671875,1254.9378248920182,1235.714673937889,1235.714673937889,12670179
2024-12-19,1225.55517578125,1239.947766097918,1224.1109925687356,1234.0712121990753,14244653
2024-12-20,1200.50537109375,1234.5692750261348,1196.7204388413884,1219.1309339507777,20312896
2024-12-23,1217.437744140625,1222.3181546925216,1208.3738466363206,1210.1667348774333,10052824
2024-12-24,1217.8858642578125,1228.6429501715868,1216.1428258096823,1217.4377030050357,6734917
2024-12-26,1211.7105712890625,1222.8161189414398,1209.4196721335327,1219.3798917928577,10016178
2024-12-27,1216.1927490234375,1223.0154756156849,1212.1588111658666,1213.4536884394554,7000397
2024-12-30,1205.8837890625,1218.3340640862093,1203.294156174512,1211.5611874241417,8818766
2024-12-31,1210.6148681640625,1214.2503727116298,1201.3519366916562,1203.1945530395503,6405475
